Date,Close,Index_predicted,Return,mean_of_group,r_cat,top_pred,top_prob
2017-04-13,3275.96,3228.1912637999976,0.0006506141125226517,0.0013940634575438315,"(-0.000124, 0.00384]",-0.013940472229774408,0.7053754329681396
2017-04-14,3246.07,3294.6458688775365,-0.009124043028608364,-0.0098382157260545,"(-0.012, -0.00804]",0.005703936823873401,0.4815003573894501
2017-04-17,3222.17,3226.543450009939,-0.007362749416987335,-0.006015443286824101,"(-0.00804, -0.00408]",-0.006015443286824101,0.4729931354522705
2017-04-18,3196.71,3215.7989259349665,-0.007901507369257321,-0.006015443286824101,"(-0.00804, -0.00408]",-0.0019772619275313257,0.8304855227470398
2017-04-19,3170.69,3165.2600774063644,-0.008139618545316862,-0.0098382157260545,"(-0.012, -0.00804]",-0.0098382157260545,0.6007723212242126
2017-04-20,3172.1,3175.1101430641997,0.0004446981571835096,0.0013940634575438315,"(-0.000124, 0.00384]",0.0013940634575438315,0.6404192447662354
2017-04-21,3173.15,3215.4097979164167,0.00033101100217525214,0.0013940634575438315,"(-0.000124, 0.00384]",0.013653352011732544,0.81070876121521
2017-04-24,3129.53,3128.9147905440914,-0.013746592502718036,-0.013940472229774408,"(-0.016, -0.012]",-0.013940472229774408,0.5295220613479614
2017-04-25,3134.57,3110.7044897705855,0.0016104654692556952,0.0013940634575438315,"(-0.000124, 0.00384]",-0.006015443286824101,0.8757785558700562
2017-04-26,3140.85,3128.3721340798184,0.0020034645900393055,0.0013940634575438315,"(-0.000124, 0.00384]",-0.0019772619275313257,0.964570939540863
2017-04-27,3152.19,3097.065067797113,0.003610487606858115,0.0013940634575438315,"(-0.000124, 0.00384]",-0.013940472229774408,0.7465211749076843
2017-04-28,3154.66,3156.584352890235,0.000783582207925182,0.0013940634575438315,"(-0.000124, 0.00384]",0.0013940634575438315,0.9999474287033081
2017-05-02,3143.71,3148.422410887694,-0.0034710555178687486,-0.0019772619275313257,"(-0.00408, -0.000124]",-0.0019772619275313257,0.991238534450531
2017-05-03,3135.35,3174.1482752348884,-0.002659278368551843,-0.0019772619275313257,"(-0.00408, -0.000124]",0.009682278338297186,0.9826012253761292
2017-05-04,3127.37,3139.7208768616097,-0.0025451703956496097,-0.0019772619275313257,"(-0.00408, -0.000124]",0.0013940634575438315,0.9728482961654663
2017-05-05,3103.04,3131.7297522352187,-0.007779699875614332,-0.006015443286824101,"(-0.00804, -0.00408]",0.0013940634575438315,0.9479104280471802
2017-05-08,3078.61,3133.08449697487,-0.007872924615860533,-0.006015443286824101,"(-0.00804, -0.00408]",0.009682278338297186,0.8095055222511292
2017-05-09,3080.53,3082.901777701029,0.0006236580794578561,0.0013940634575438315,"(-0.000124, 0.00384]",0.0013940634575438315,0.39820027351379395
2017-05-10,3052.78,3061.99924649164,-0.009008190149097706,-0.0098382157260545,"(-0.012, -0.00804]",-0.006015443286824101,0.6175971627235413
2017-05-11,3061.5,3046.7438543328713,0.0028564128433754554,0.0013940634575438315,"(-0.000124, 0.00384]",-0.0019772619275313257,0.956290602684021
2017-05-12,3083.51,3091.142295132697,0.007189286297566655,0.005703936823873401,"(0.00384, 0.0078]",0.009682278338297186,0.9191211462020874
2017-05-15,3090.23,3053.173763426554,0.0021793345894776106,0.0013940634575438315,"(-0.000124, 0.00384]",-0.0098382157260545,0.630720853805542
2017-05-16,3112.96,3107.856476691238,0.007355439562751087,0.005703936823873401,"(0.00384, 0.0078]",0.005703936823873401,0.7520758509635925
2017-05-17,3104.44,3143.100545175986,-0.0027369449013158187,-0.0019772619275313257,"(-0.00408, -0.000124]",0.009682278338297186,0.9519587159156799
2017-05-18,3090.14,3134.4980521645434,-0.0046063058071665886,-0.006015443286824101,"(-0.00804, -0.00408]",0.009682278338297186,0.7214494943618774
2017-05-19,3090.63,3120.059595584306,0.00015856886742993126,0.0013940634575438315,"(-0.000124, 0.00384]",0.009682278338297186,0.9330480098724365
2017-05-22,3075.68,3072.038490514443,-0.00483720147672162,-0.006015443286824101,"(-0.00804, -0.00408]",-0.006015443286824101,0.8999155759811401
2017-05-23,3061.95,3105.459589839534,-0.0044640534776049234,-0.006015443286824101,"(-0.00804, -0.00408]",0.009682278338297186,0.9993137121200562
2017-05-24,3064.08,3043.531013427909,0.0006956351344731271,0.0013940634575438315,"(-0.000124, 0.00384]",-0.006015443286824101,0.5280733704566956
2017-05-25,3107.83,3058.02151127309,0.01427834782381665,0.013653352011732544,"(0.0118, 0.0157]",-0.0019772619275313257,0.738594114780426
2017-05-26,3110.06,3112.1625122352584,0.000717542465321408,0.0013940634575438315,"(-0.000124, 0.00384]",0.0013940634575438315,0.9998667240142822
2017-05-31,3117.18,3103.910596769662,0.0022893449000982447,0.0013940634575438315,"(-0.000124, 0.00384]",-0.0019772619275313257,0.995806097984314
2017-06-01,3102.62,3086.512510703057,-0.004670888431210218,-0.006015443286824101,"(-0.00804, -0.00408]",-0.0098382157260545,0.953789234161377
2017-06-02,3105.54,3106.9452491646443,0.0009411400687160398,0.0013940634575438315,"(-0.000124, 0.00384]",0.0013940634575438315,0.5202919244766235
2017-06-05,3091.66,3099.399533993574,-0.0044694320472445925,-0.006015443286824101,"(-0.00804, -0.00408]",-0.0019772619275313257,0.7515897154808044
2017-06-06,3102.13,3095.9699702291496,0.0033865302135422937,0.0013940634575438315,"(-0.000124, 0.00384]",0.0013940634575438315,0.9755649566650391
2017-06-07,3140.32,3095.996276456747,0.012310896061738186,0.013653352011732544,"(0.0118, 0.0157]",-0.0019772619275313257,0.9550737738609314
2017-06-08,3150.33,3170.725452311322,0.003187573240943431,0.0013940634575438315,"(-0.000124, 0.00384]",0.009682278338297186,0.7775861620903015
2017-06-09,3158.4,3144.10097243184,0.002561636399996292,0.0013940634575438315,"(-0.000124, 0.00384]",-0.0019772619275313257,0.9977668523788452
2017-06-12,3139.88,3127.3269794508296,-0.005863728470111407,-0.006015443286824101,"(-0.00804, -0.00408]",-0.0098382157260545,0.884188175201416
2017-06-13,3153.74,3133.671634818983,0.004414181433685327,0.005703936823873401,"(0.00384, 0.0078]",-0.0019772619275313257,0.6506145000457764
2017-06-14,3130.67,3147.504229968667,-0.007315124265158124,-0.006015443286824101,"(-0.00804, -0.00408]",-0.0019772619275313257,0.9146881699562073
2017-06-15,3132.49,3148.527143896396,0.0005813452072558345,0.0013940634575438315,"(-0.000124, 0.00384]",0.005703936823873401,0.536058247089386
2017-06-16,3123.17,3126.2962467846273,-0.0029752688755589896,-0.0019772619275313257,"(-0.00408, -0.000124]",-0.0019772619275313257,0.7652784585952759
2017-06-19,3144.37,3104.3827479898896,0.006787975038182292,0.005703936823873401,"(0.00384, 0.0078]",-0.006015443286824101,0.8594306111335754
2017-06-20,3140.01,3138.152756912928,-0.0013866052659196049,-0.0019772619275313257,"(-0.00408, -0.000124]",-0.0019772619275313257,0.5511918067932129
2017-06-21,3156.21,3144.387373197322,0.0051592192381553215,0.005703936823873401,"(0.00384, 0.0078]",0.0013940634575438315,0.7359294295310974
2017-06-22,3147.45,3160.609957025334,-0.0027754807189636077,-0.0019772619275313257,"(-0.00408, -0.000124]",0.0013940634575438315,0.9878971576690674
2017-06-23,3157.87,3151.837745029446,0.003310616530842525,0.0013940634575438315,"(-0.000124, 0.00384]",0.0013940634575438315,0.7728005051612854
2017-06-26,3185.44,3162.272271170674,0.00873056838945252,0.009682278338297186,"(0.0078, 0.0118]",0.0013940634575438315,0.5041955709457397
2017-06-27,3191.2,3128.5766743266277,0.0018082274348283356,0.0013940634575438315,"(-0.000124, 0.00384]",-0.017851011374683645,0.8604192733764648
2017-06-28,3173.2,3195.6487353057137,-0.005640511406367565,-0.006015443286824101,"(-0.00804, -0.00408]",0.0013940634575438315,0.799166738986969
2017-06-29,3188.06,3203.9238056230847,0.004682969872683795,0.005703936823873401,"(0.00384, 0.0078]",0.009682278338297186,0.4489956498146057
2017-06-30,3192.43,3218.927684279192,0.0013707395720281568,0.0013940634575438315,"(-0.000124, 0.00384]",0.009682278338297186,0.831636369228363
2017-07-03,3195.91,3161.022184969672,0.0010900787174659143,0.0013940634575438315,"(-0.000124, 0.00384]",-0.0098382157260545,0.554976224899292
2017-07-04,3182.8,3200.3653013445987,-0.0041021180195937035,-0.006015443286824101,"(-0.00804, -0.00408]",0.0013940634575438315,0.9917691946029663
2017-07-05,3207.13,3226.2558887829427,0.007644212642955894,0.005703936823873401,"(0.00384, 0.0078]",0.013653352011732544,0.48469871282577515
2017-07-06,3212.44,3175.577563198499,0.0016556859247987,0.0013940634575438315,"(-0.000124, 0.00384]",-0.0098382157260545,0.6668166518211365
2017-07-07,3217.96,3206.0881646935213,0.0017183200308799051,0.0013940634575438315,"(-0.000124, 0.00384]",-0.0019772619275313257,0.6092774271965027
2017-07-10,3212.63,3222.446040443838,-0.0016563288543052224,-0.0019772619275313257,"(-0.00408, -0.000124]",0.0013940634575438315,0.9820494055747986
2017-07-11,3203.04,3230.9546385584804,-0.0029850932102358785,-0.0019772619275313257,"(-0.00408, -0.000124]",0.005703936823873401,0.6827806830406189
2017-07-12,3197.54,3221.3099378043394,-0.0017171187371997076,-0.0019772619275313257,"(-0.00408, -0.000124]",0.005703936823873401,0.6745420098304749
2017-07-13,3218.16,3201.9975736680344,0.006448707443847512,0.005703936823873401,"(0.00384, 0.0078]",0.0013940634575438315,0.9231469035148621
2017-07-14,3222.42,3211.7968547552955,0.0013237377880528367,0.0013940634575438315,"(-0.000124, 0.00384]",-0.0019772619275313257,0.4710350036621094
2017-07-17,3176.46,3226.9122579668583,-0.014262572848976918,-0.013940472229774408,"(-0.016, -0.012]",0.0013940634575438315,0.9719056487083435
2017-07-18,3187.57,3207.2153698504676,0.003497604251273545,0.0013940634575438315,"(-0.000124, 0.00384]",0.009682278338297186,0.5466329455375671
2017-07-19,3230.98,3181.267339197659,0.013618524455933478,0.013653352011732544,"(0.0118, 0.0157]",-0.0019772619275313257,0.9998514652252197
2017-07-20,3244.86,3235.484191150055,0.004295910219190402,0.005703936823873401,"(0.00384, 0.0078]",0.0013940634575438315,0.9486631751060486
2017-07-21,3237.98,3249.3835407508454,-0.002120276375560115,-0.0019772619275313257,"(-0.00408, -0.000124]",0.0013940634575438315,0.9632696509361267
2017-07-24,3250.6,3242.4939495942576,0.003897491646026152,0.005703936823873401,"(0.00384, 0.0078]",0.0013940634575438315,0.9972031116485596
2017-07-25,3243.69,3255.1315426750916,-0.0021257613978957757,-0.0019772619275313257,"(-0.00408, -0.000124]",0.0013940634575438315,0.9400874376296997
2017-07-26,3247.67,3248.2119096966003,0.0012269976477405908,0.0013940634575438315,"(-0.000124, 0.00384]",0.0013940634575438315,0.8479364514350891
2017-07-27,3249.78,3228.1338253006797,0.0006496965516817887,0.0013940634575438315,"(-0.000124, 0.00384]",-0.006015443286824101,0.6417507529258728
2017-07-28,3253.24,3230.2311327153448,0.0010646874557660446,0.0013940634575438315,"(-0.000124, 0.00384]",-0.006015443286824101,0.8418551087379456
2017-07-31,3273.03,3297.6576308986487,0.0060831663203453346,0.005703936823873401,"(0.00384, 0.0078]",0.013653352011732544,0.643638551235199
2017-08-01,3292.64,3304.7203874695974,0.00599139024084705,0.005703936823873401,"(0.00384, 0.0078]",0.009682278338297186,0.8050044178962708
2017-08-02,3285.06,3324.520256947811,-0.002302104086690293,-0.0019772619275313257,"(-0.00408, -0.000124]",0.009682278338297186,0.8935369253158569
2017-08-03,3272.93,3316.8668652780066,-0.0036924744144704036,-0.0019772619275313257,"(-0.00408, -0.000124]",0.009682278338297186,0.4636731743812561
2017-08-04,3262.08,3277.4926721120987,-0.003315072427457988,-0.0019772619275313257,"(-0.00408, -0.000124]",0.0013940634575438315,0.5372768044471741
2017-08-07,3279.46,3266.6275465235844,0.00532788895428693,0.005703936823873401,"(0.00384, 0.0078]",0.0013940634575438315,0.3709279000759125
2017-08-08,3281.87,3298.1658326564198,0.0007348770834221252,0.0013940634575438315,"(-0.000124, 0.00384]",0.005703936823873401,0.6791591644287109
2017-08-09,3275.57,3286.4451350394093,-0.0019196372799652472,-0.0019772619275313257,"(-0.00408, -0.000124]",0.0013940634575438315,0.9675893783569336
2017-08-10,3261.75,3255.8659944329775,-0.00421911300933886,-0.006015443286824101,"(-0.00804, -0.00408]",-0.006015443286824101,0.6518216729164124
2017-08-11,3208.54,3255.3006659078746,-0.016313328734575028,-0.017851011374683645,"(-0.0199, -0.016]",-0.0019772619275313257,0.9881906509399414
2017-08-14,3237.36,3213.0129083660677,0.008982278544135358,0.009682278338297186,"(0.0078, 0.0118]",0.0013940634575438315,0.6284142732620239
2017-08-15,3251.26,3241.873085274914,0.004293621963575189,0.005703936823873401,"(0.00384, 0.0078]",0.0013940634575438315,0.9987474679946899
2017-08-16,3246.45,3255.792462756974,-0.001479426437750453,-0.0019772619275313257,"(-0.00408, -0.000124]",0.0013940634575438315,0.9994530081748962
2017-08-17,3268.43,3240.030918015366,0.006770472362118696,0.005703936823873401,"(0.00384, 0.0078]",-0.0019772619275313257,0.9488956928253174
2017-08-18,3268.72,3272.9863988265397,8.872761539935325e-05,0.0013940634575438315,"(-0.000124, 0.00384]",0.0013940634575438315,0.9853473901748657
2017-08-21,3286.91,3262.2568843922395,0.00556486942901202,0.005703936823873401,"(0.00384, 0.0078]",-0.0019772619275313257,0.8249356150627136
2017-08-22,3290.23,3291.492161119235,0.0010100672059776272,0.0013940634575438315,"(-0.000124, 0.00384]",0.0013940634575438315,0.8806307911872864
2017-08-23,3287.7,3294.8167894099142,-0.0007689432045784317,-0.0019772619275313257,"(-0.00408, -0.000124]",0.0013940634575438315,0.6085224747657776
2017-08-24,3271.51,3267.923027105908,-0.004924415244699776,-0.006015443286824101,"(-0.00804, -0.00408]",-0.006015443286824101,0.48551008105278015
2017-08-25,3331.52,3290.17048635867,0.018343211544516125,0.017640144267200328,"(0.0157, 0.0197]",0.005703936823873401,0.5342171788215637
2017-08-28,3362.65,3324.932712343191,0.009344083181250573,0.009682278338297186,"(0.0078, 0.0118]",-0.0019772619275313257,0.702509343624115
2017-08-29,3365.23,3381.830343160798,0.0007672520184973664,0.0013940634575438315,"(-0.000124, 0.00384]",0.005703936823873401,0.9393740892410278
2017-08-30,3363.63,3358.5760588436137,-0.000475450414978984,-0.0019772619275313257,"(-0.00408, -0.000124]",-0.0019772619275313257,0.9846199154853821
2017-08-31,3360.81,3368.3191136676983,-0.0008383799645026446,-0.0019772619275313257,"(-0.00408, -0.000124]",0.0013940634575438315,0.4409075677394867
2017-09-01,3367.12,3365.4951824087475,0.0018775235731862683,0.0013940634575438315,"(-0.000124, 0.00384]",0.0013940634575438315,0.5582518577575684
2017-09-04,3379.58,3307.013502580075,0.003700491814963458,0.0013940634575438315,"(-0.000124, 0.00384]",-0.017851011374683645,0.400424063205719
2017-09-05,3384.32,3425.722595391811,0.0014025411441658253,0.0013940634575438315,"(-0.000124, 0.00384]",0.013653352011732544,0.9279066920280457
2017-09-06,3385.39,3389.0379568406347,0.00031616395612710235,0.0013940634575438315,"(-0.000124, 0.00384]",0.0013940634575438315,0.7984605431556702
2017-09-07,3365.5,3390.109448488534,-0.005875246278862933,-0.006015443286824101,"(-0.00804, -0.00408]",0.0013940634575438315,0.9202970862388611
2017-09-08,3365.24,3384.6965993807457,-7.725449413165109e-05,0.0013940634575438315,"(-0.000124, 0.00384]",0.005703936823873401,0.9785182476043701
2017-09-11,3376.42,3384.4351163571714,0.0033221999025330184,0.0013940634575438315,"(-0.000124, 0.00384]",0.005703936823873401,0.8123164176940918
2017-09-12,3379.49,3395.6788863708625,0.0009092470723428558,0.0013940634575438315,"(-0.000124, 0.00384]",0.005703936823873401,0.9981710910797119
2017-09-13,3384.15,3398.766397456912,0.0013789062846760736,0.0013940634575438315,"(-0.000124, 0.00384]",0.005703936823873401,0.9990252256393433
2017-09-14,3371.43,3403.452977802511,-0.0037586986392448285,-0.0019772619275313257,"(-0.00408, -0.000124]",0.005703936823873401,0.8650805950164795
2017-09-15,3353.62,3324.430673710371,-0.005282624880243669,-0.006015443286824101,"(-0.00804, -0.00408]",-0.013940472229774408,0.47234493494033813
2017-09-18,3362.86,3358.2951590924877,0.002755231660116708,0.0013940634575438315,"(-0.000124, 0.00384]",0.0013940634575438315,0.8223110437393188
2017-09-19,3356.84,3342.6309063884705,-0.0017901429140672054,-0.0019772619275313257,"(-0.00408, -0.000124]",-0.006015443286824101,0.9923555850982666
2017-09-20,3366.0,3336.6471193570574,0.0027287568069969126,0.0013940634575438315,"(-0.000124, 0.00384]",-0.006015443286824101,0.9626861214637756
2017-09-21,3357.81,3370.6924175980926,-0.0024331550802139112,-0.0019772619275313257,"(-0.00408, -0.000124]",0.0013940634575438315,0.9676974415779114
2017-09-22,3352.53,3390.321251027118,-0.001572453474139368,-0.0019772619275313257,"(-0.00408, -0.000124]",0.009682278338297186,0.9509833455085754
2017-09-25,3341.55,3332.363045917624,-0.003275138477508044,-0.0019772619275313257,"(-0.00408, -0.000124]",-0.006015443286824101,0.759900689125061
2017-09-26,3343.58,3346.2083327465557,0.0006075025063219108,0.0013940634575438315,"(-0.000124, 0.00384]",0.0013940634575438315,0.7180765271186829
2017-09-27,3345.27,3375.953472206364,0.0005054462582023689,0.0013940634575438315,"(-0.000124, 0.00384]",0.009682278338297186,0.8904656171798706
2017-09-28,3339.64,3325.146718035886,-0.0016829732727104973,-0.0019772619275313257,"(-0.00408, -0.000124]",-0.006015443286824101,0.9214232563972473
2017-09-29,3348.94,3280.024048372651,0.002784731288402398,0.0013940634575438315,"(-0.000124, 0.00384]",-0.017851011374683645,0.9695918560028076
2017-10-09,3374.38,3381.3653692182575,0.0075964334983607,0.005703936823873401,"(0.00384, 0.0078]",0.009682278338297186,0.9346348643302917
2017-10-10,3382.99,3367.707966896977,0.0025515798457789174,0.0013940634575438315,"(-0.000124, 0.00384]",-0.0019772619275313257,0.6111101508140564
2017-10-11,3388.28,3387.7061027362356,0.001563705479472377,0.0013940634575438315,"(-0.000124, 0.00384]",0.0013940634575438315,0.9981243014335632
2017-10-12,3386.1,3327.795775179387,-0.0006433942885476496,-0.0019772619275313257,"(-0.00408, -0.000124]",-0.017851011374683645,0.7023985385894775
2017-10-13,3390.52,3365.7311074864847,0.001305336522843481,0.0013940634575438315,"(-0.000124, 0.00384]",-0.006015443286824101,0.7516570687294006
2017-10-16,3378.47,3423.3479583515636,-0.0035540271108857047,-0.0019772619275313257,"(-0.00408, -0.000124]",0.009682278338297186,0.9812936186790466
2017-10-17,3372.04,3397.740579441351,-0.0019032283844461206,-0.0019772619275313257,"(-0.00408, -0.000124]",0.005703936823873401,0.5510261654853821
2017-10-18,3381.79,3325.032170022311,0.0028914247755067457,0.0013940634575438315,"(-0.000124, 0.00384]",-0.013940472229774408,0.9590831995010376
2017-10-19,3370.17,3386.504429860087,-0.003436050139127511,-0.0019772619275313257,"(-0.00408, -0.000124]",0.0013940634575438315,0.9892544746398926
2017-10-20,3378.65,3389.3932367657135,0.002516193545132772,0.0013940634575438315,"(-0.000124, 0.00384]",0.005703936823873401,0.47479233145713806
2017-10-23,3380.7,3345.410112437166,0.0006067512172021061,0.0013940634575438315,"(-0.000124, 0.00384]",-0.0098382157260545,0.7462668418884277
2017-10-24,3388.25,3399.9832992204683,0.0022332653000858294,0.0013940634575438315,"(-0.000124, 0.00384]",0.005703936823873401,0.7139884829521179
2017-10-25,3396.9,3407.576363943489,0.002552940308418794,0.0013940634575438315,"(-0.000124, 0.00384]",0.005703936823873401,0.6563254594802856
2017-10-26,3407.57,3401.6354941589307,0.0031410992375400237,0.0013940634575438315,"(-0.000124, 0.00384]",0.0013940634575438315,0.639991044998169
2017-10-27,3416.81,3412.3203688160224,0.002711609739491694,0.0013940634575438315,"(-0.000124, 0.00384]",0.0013940634575438315,0.4591389298439026
2017-10-30,3390.34,3421.57324996237,-0.007746992077405479,-0.006015443286824101,"(-0.00804, -0.00408]",0.0013940634575438315,0.34894317388534546
2017-10-31,3393.34,3383.6364097966134,0.0008848670044891982,0.0013940634575438315,"(-0.000124, 0.00384]",-0.0019772619275313257,0.8819535970687866
2017-11-01,3395.91,3412.695396981923,0.0007573658990844834,0.0013940634575438315,"(-0.000124, 0.00384]",0.005703936823873401,0.9907788038253784
2017-11-02,3383.31,3415.2800560995597,-0.0037103456805391843,-0.0019772619275313257,"(-0.00408, -0.000124]",0.005703936823873401,0.9986991882324219
2017-11-03,3371.74,3322.914494705919,-0.0034197280178287492,-0.0019772619275313257,"(-0.00408, -0.000124]",-0.017851011374683645,0.7023005485534668
2017-11-06,3388.17,3404.3861251643702,0.004872854965092266,0.005703936823873401,"(0.00384, 0.0078]",0.009682278338297186,0.4877417981624603
2017-11-07,3413.57,3420.9752049974686,0.0074966722448992495,0.005703936823873401,"(0.00384, 0.0078]",0.009682278338297186,0.3962155878543854
2017-11-08,3415.46,3446.6211348672614,0.0005536725480947968,0.0013940634575438315,"(-0.000124, 0.00384]",0.009682278338297186,0.9919849038124084
2017-11-09,3427.79,3448.529434373321,0.0036100554537310536,0.0013940634575438315,"(-0.000124, 0.00384]",0.009682278338297186,0.7703098654747009
2017-11-10,3432.67,3447.341897605505,0.0014236578086754825,0.0013940634575438315,"(-0.000124, 0.00384]",0.005703936823873401,0.5561827421188354
2017-11-13,3447.84,3437.455359808807,0.004419300427946693,0.005703936823873401,"(0.00384, 0.0078]",0.0013940634575438315,0.9729121327400208
2017-11-14,3429.55,3386.2925689419108,-0.005304770522994051,-0.006015443286824101,"(-0.00804, -0.00408]",-0.017851011374683645,0.501054584980011
2017-11-15,3402.52,3381.740453464377,-0.007881500488402304,-0.006015443286824101,"(-0.00804, -0.00408]",-0.013940472229774408,0.7648566961288452
2017-11-16,3399.25,3462.5409436720342,-0.00096105239645905,-0.0019772619275313257,"(-0.00408, -0.000124]",0.017640144267200328,0.9858249425888062
2017-11-17,3382.91,3418.6391072485517,-0.004806942707950346,-0.006015443286824101,"(-0.00804, -0.00408]",0.005703936823873401,0.951098620891571
2017-11-20,3392.4,3387.625991211159,0.0028052771134912113,0.0013940634575438315,"(-0.000124, 0.00384]",0.0013940634575438315,0.9791659712791443
2017-11-21,3410.5,3371.993210193778,0.005335455724560845,0.005703936823873401,"(0.00384, 0.0078]",-0.006015443286824101,0.6988038420677185
2017-11-22,3430.46,3389.9843306702865,0.005852514294091726,0.005703936823873401,"(0.00384, 0.0078]",-0.006015443286824101,0.9694653153419495
2017-11-23,3351.92,3435.2422789285656,-0.02289488873212342,-0.021932122906022918,"(-0.0239, -0.0199]",0.0013940634575438315,0.8869175314903259
2017-11-24,3353.82,3318.9430879435236,0.0005668393040407782,0.0013940634575438315,"(-0.000124, 0.00384]",-0.0098382157260545,0.507430911064148
2017-11-27,3322.23,3333.6452859957835,-0.00941911014902419,-0.0098382157260545,"(-0.012, -0.00804]",-0.006015443286824101,0.3777085244655609
2017-11-28,3333.66,3341.1797900343768,0.0034404601728357243,0.0013940634575438315,"(-0.000124, 0.00384]",0.005703936823873401,0.7888922691345215
2017-11-29,3337.86,3338.3073335858753,0.0012598765320999128,0.0013940634575438315,"(-0.000124, 0.00384]",0.0013940634575438315,0.9834015369415283
2017-11-30,3317.19,3342.5131886523973,-0.00619259046215237,-0.006015443286824101,"(-0.00804, -0.00408]",0.0013940634575438315,0.357957124710083
2017-12-01,3317.62,3336.1110421927847,0.0001296277873741314,0.0013940634575438315,"(-0.000124, 0.00384]",0.005703936823873401,0.3323667347431183
2017-12-04,3309.62,3402.607444878141,-0.0024113671849096407,-0.0019772619275313257,"(-0.00408, -0.000124]",0.025616991963558537,0.5108022093772888
2017-12-05,3303.68,3289.711168589061,-0.001794767979405476,-0.0019772619275313257,"(-0.00408, -0.000124]",-0.006015443286824101,0.999771773815155
2017-12-06,3293.96,3388.3103440101686,-0.0029421735761332446,-0.0019772619275313257,"(-0.00408, -0.000124]",0.025616991963558537,0.5157363414764404
2017-12-07,3272.05,3298.551989266611,-0.006651568325055535,-0.006015443286824101,"(-0.00804, -0.00408]",0.0013940634575438315,0.9936593174934387
2017-12-08,3289.99,3276.611445336256,0.005482801301935902,0.005703936823873401,"(0.00384, 0.0078]",0.0013940634575438315,0.8409416079521179
2017-12-11,3322.2,3348.025898237646,0.009790303313991888,0.009682278338297186,"(0.0078, 0.0118]",0.017640144267200328,0.4502534568309784
2017-12-12,3280.81,3326.831357618652,-0.012458611763289329,-0.013940472229774408,"(-0.016, -0.012]",0.0013940634575438315,0.8770048022270203
2017-12-13,3303.04,3299.5235329711318,0.0067757657407774285,0.005703936823873401,"(0.00384, 0.0078]",0.005703936823873401,0.8691300749778748
2017-12-14,3292.44,3296.509024762887,-0.003209164890525029,-0.0019772619275313257,"(-0.00408, -0.000124]",-0.0019772619275313257,0.33757996559143066
2017-12-15,3266.14,3272.634513904729,-0.007987996744056147,-0.006015443286824101,"(-0.00804, -0.00408]",-0.006015443286824101,0.7530663013458252
2017-12-18,3267.92,3270.693206421222,0.0005449858242452255,0.0013940634575438315,"(-0.000124, 0.00384]",0.0013940634575438315,0.8737677335739136
2017-12-19,3296.54,3248.262012574122,0.008757864329604015,0.009682278338297186,"(0.0078, 0.0118]",-0.006015443286824101,0.4281805753707886
2017-12-20,3287.61,3290.0218769654157,-0.0027089008475552623,-0.0019772619275313257,"(-0.00408, -0.000124]",-0.0019772619275313257,0.5795881152153015
2017-12-21,3300.06,3292.1931369636554,0.0037869455318604306,0.0013940634575438315,"(-0.000124, 0.00384]",0.0013940634575438315,0.9572835564613342
2017-12-22,3297.06,3254.0556052134107,-0.0009090743804658352,-0.0019772619275313257,"(-0.00408, -0.000124]",-0.013940472229774408,0.5587539076805115
2017-12-25,3280.46,3315.86622194452,-0.005034788569210136,-0.006015443286824101,"(-0.00804, -0.00408]",0.005703936823873401,0.5379461050033569
2017-12-26,3306.12,3248.1861268393072,0.007822073733561696,0.009682278338297186,"(0.0078, 0.0118]",-0.0098382157260545,0.6103686094284058
2017-12-27,3275.78,3310.7289410782546,-0.00917692037796558,-0.0098382157260545,"(-0.012, -0.00804]",0.0013940634575438315,0.5064762234687805
2017-12-28,3296.38,3280.346645192953,0.0062885785980744124,0.005703936823873401,"(0.00384, 0.0078]",0.0013940634575438315,0.9978474378585815
2017-12-29,3307.17,3276.550813058179,0.0032732876670771294,0.0013940634575438315,"(-0.000124, 0.00384]",-0.006015443286824101,0.4782607853412628
2018-01-02,3348.33,3287.275906425114,0.012445686190912353,0.013653352011732544,"(0.0118, 0.0157]",-0.006015443286824101,0.5135011672973633
2018-01-03,3369.11,3352.9977844967975,0.006206078851248353,0.005703936823873401,"(0.00384, 0.0078]",0.0013940634575438315,0.979655385017395
2018-01-04,3385.71,3388.3271905926804,0.0049271172505498395,0.005703936823873401,"(0.00384, 0.0078]",0.005703936823873401,0.8154792785644531
2018-01-05,3391.75,3390.4298945888404,0.0017839685029137353,0.0013940634575438315,"(-0.000124, 0.00384]",0.0013940634575438315,0.9814949631690979
2018-01-08,3409.48,3411.0963277223727,0.00522738999041783,0.005703936823873401,"(0.00384, 0.0078]",0.005703936823873401,0.6463505625724792
2018-01-09,3413.9,3414.233031477226,0.0012963853725493912,0.0013940634575438315,"(-0.000124, 0.00384]",0.0013940634575438315,0.5851307511329651
2018-01-10,3421.83,3407.149825505601,0.002322856557016806,0.0013940634575438315,"(-0.000124, 0.00384]",-0.0019772619275313257,0.7883387804031372
2018-01-11,3425.34,3388.165298282115,0.001025766914195092,0.0013940634575438315,"(-0.000124, 0.00384]",-0.0098382157260545,0.6995189785957336
2018-01-12,3428.94,3430.115141323663,0.0010509905586013613,0.0013940634575438315,"(-0.000124, 0.00384]",0.0013940634575438315,0.994920551776886
2018-01-15,3410.49,3433.7201599521104,-0.005380671577805418,-0.006015443286824101,"(-0.00804, -0.00408]",0.0013940634575438315,0.9952595829963684
2018-01-16,3436.59,3389.9743908247187,0.0076528592665570105,0.005703936823873401,"(0.00384, 0.0078]",-0.006015443286824101,0.5152990221977234
2018-01-17,3444.67,3456.192092249555,0.002351167872804094,0.0013940634575438315,"(-0.000124, 0.00384]",0.005703936823873401,0.6838067770004272
2018-01-18,3474.75,3423.9487829731756,0.008732331398943805,0.009682278338297186,"(0.0078, 0.0118]",-0.006015443286824101,0.8775456547737122
2018-01-19,3487.86,3479.5940219991003,0.0037729333045544156,0.0013940634575438315,"(-0.000124, 0.00384]",0.0013940634575438315,0.9772301316261292
2018-01-22,3501.36,3480.963587213441,0.0038705681994117835,0.005703936823873401,"(0.00384, 0.0078]",-0.0019772619275313257,0.9907481074333191
2018-01-23,3546.5,3506.2411180277054,0.012892133342472523,0.013653352011732544,"(0.0118, 0.0157]",0.0013940634575438315,0.4757799804210663
2018-01-24,3559.47,3580.8382001267714,0.0036571267446778855,0.0013940634575438315,"(-0.000124, 0.00384]",0.009682278338297186,0.9787424802780151
2018-01-25,3548.31,3538.058210083848,-0.0031352982326020573,-0.0019772619275313257,"(-0.00408, -0.000124]",-0.006015443286824101,0.6084271669387817
2018-01-26,3558.13,3526.965342430929,0.002767514676000671,0.0013940634575438315,"(-0.000124, 0.00384]",-0.006015443286824101,0.7948611974716187
2018-01-29,3523.0,3551.094645017793,-0.009873163712399546,-0.0098382157260545,"(-0.012, -0.00804]",-0.0019772619275313257,0.8886727094650269
2018-01-30,3488.01,3501.8075933005184,-0.009931876241839332,-0.0098382157260545,"(-0.012, -0.00804]",-0.006015443286824101,0.8958681225776672
2018-01-31,3480.83,3467.028073661125,-0.0020584803369256832,-0.0019772619275313257,"(-0.00408, -0.000124]",-0.006015443286824101,0.755677342414856
2018-02-01,3446.98,3485.682497904922,-0.00972469209929816,-0.0098382157260545,"(-0.012, -0.00804]",0.0013940634575438315,0.5911461710929871
2018-02-02,3462.08,3451.785308856884,0.004380646246859632,0.005703936823873401,"(0.00384, 0.0078]",0.0013940634575438315,0.9953516721725464
2018-02-05,3487.5,3481.8274855991954,0.007342406876790886,0.005703936823873401,"(0.00384, 0.0078]",0.005703936823873401,0.4326566159725189
2018-02-06,3370.65,3492.361796308184,-0.03350537634408601,-0.03370203264456371,"(-0.0358, -0.0318]",0.0013940634575438315,0.9958614706993103
2018-02-07,3309.26,3375.34889999317,-0.018213104297390648,-0.017851011374683645,"(-0.0199, -0.016]",0.0013940634575438315,0.668740451335907
2018-02-08,3262.05,3302.716726193698,-0.014266029263339863,-0.013940472229774408,"(-0.016, -0.012]",-0.0019772619275313257,0.9137700200080872
2018-02-09,3129.85,3229.957248390824,-0.04052666268144278,-0.04114197442527113,"(-0.0437, -0.0397]",-0.0098382157260545,0.9967066645622253
2018-02-12,3154.13,3073.979012048946,0.007757560266466568,0.005703936823873401,"(0.00384, 0.0078]",-0.017851011374683645,0.9914476871490479
2018-02-13,3184.96,3073.095749641847,0.009774486149904948,0.009682278338297186,"(0.0078, 0.0118]",-0.025691474466224693,0.9704135656356812
2018-02-14,3199.16,3140.5601535670576,0.004458454737265027,0.005703936823873401,"(0.00384, 0.0078]",-0.013940472229774408,0.9983670115470886
2018-02-22,3268.56,3179.9156344545236,0.021693194463546783,0.021678292379204503,"(0.0197, 0.0236]",-0.006015443286824101,0.9655566811561584
2018-02-23,3289.02,3300.207107685425,0.006259637271458951,0.005703936823873401,"(0.00384, 0.0078]",0.009682278338297186,0.8867003917694092
2018-02-26,3329.57,3230.307666568438,0.012328900401943566,0.013653352011732544,"(0.0118, 0.0157]",-0.017851011374683645,0.809669554233551
2018-02-27,3292.07,3296.812972065001,-0.011262715605919071,-0.0098382157260545,"(-0.012, -0.00804]",-0.0098382157260545,0.7653986811637878
2018-02-28,3259.41,3246.1769895865264,-0.009920809703317435,-0.0098382157260545,"(-0.012, -0.00804]",-0.013940472229774408,0.8862648010253906
2018-03-01,3273.75,3330.0684429637026,0.004399569247194979,0.005703936823873401,"(0.00384, 0.0078]",0.021678292379204503,0.6787355542182922
2018-03-02,3254.53,3201.9497126364076,-0.00587094310805647,-0.006015443286824101,"(-0.00804, -0.00408]",-0.021932122906022918,0.6324248909950256
2018-03-05,3256.93,3234.9525593597323,0.0007374336693777295,0.0013940634575438315,"(-0.000124, 0.00384]",-0.006015443286824101,0.346988707780838
2018-03-06,3289.64,3275.507322959778,0.01004320019159155,0.009682278338297186,"(0.0078, 0.0118]",0.005703936823873401,0.9001016616821289
2018-03-07,3271.67,3308.4038987332865,-0.005462603810751254,-0.006015443286824101,"(-0.00804, -0.00408]",0.005703936823873401,0.9973475933074951
2018-03-08,3288.41,3290.331398988562,0.005116652963165436,0.005703936823873401,"(0.00384, 0.0078]",0.005703936823873401,0.9292891621589661
2018-03-09,3307.17,3281.9079521048866,0.00570488473152686,0.005703936823873401,"(0.00384, 0.0078]",-0.0019772619275313257,0.2724507451057434
2018-03-12,3326.7,3287.275906425114,0.005905351100790046,0.005703936823873401,"(0.00384, 0.0078]",-0.006015443286824101,0.5085600018501282
2018-03-13,3310.24,3331.3376309042105,-0.004947846213965823,-0.006015443286824101,"(-0.00804, -0.00408]",0.0013940634575438315,0.7218228578567505
2018-03-14,3291.38,3290.3274390142233,-0.005697472086615973,-0.006015443286824101,"(-0.00804, -0.00408]",-0.006015443286824101,0.4685290455818176
2018-03-15,3291.11,3295.9683925828904,-8.203246054849789e-05,0.0013940634575438315,"(-0.000124, 0.00384]",0.0013940634575438315,0.3970882296562195
2018-03-16,3269.88,3336.0446833393335,-0.006450711158241473,-0.006015443286824101,"(-0.00804, -0.00408]",0.013653352011732544,0.5725085139274597
2018-03-19,3279.25,3288.531188941647,0.002865548582822619,0.0013940634575438315,"(-0.000124, 0.00384]",0.005703936823873401,0.5521144866943359
2018-03-20,3290.64,3297.9546348296867,0.003473355187924021,0.0013940634575438315,"(-0.000124, 0.00384]",0.005703936823873401,0.8797428011894226
2018-03-21,3280.95,3270.845341702645,-0.0029447159215229,-0.0019772619275313257,"(-0.00408, -0.000124]",-0.006015443286824101,0.9843064546585083
2018-03-22,3263.48,3325.745965282894,-0.0053246773038295725,-0.006015443286824101,"(-0.00804, -0.00408]",0.013653352011732544,0.25672009587287903
2018-03-23,3152.76,3308.037441223249,-0.03392697366001929,-0.03370203264456371,"(-0.0358, -0.0318]",0.013653352011732544,0.8531610369682312
2018-03-26,3133.72,3221.106453081461,-0.006039152996105135,-0.006015443286824101,"(-0.00804, -0.00408]",0.021678292379204503,0.2797832489013672
2018-03-27,3166.65,3164.0615492742886,0.01050827770190077,0.009682278338297186,"(0.0078, 0.0118]",0.009682278338297186,0.49918296933174133
2018-03-28,3122.29,3197.310386699969,-0.014008494781551528,-0.013940472229774408,"(-0.016, -0.012]",0.009682278338297186,0.9779992699623108
2018-03-29,3160.53,3164.919724452712,0.012247420963459543,0.013653352011732544,"(0.0118, 0.0157]",0.013653352011732544,0.9910996556282043
2018-03-30,3168.9,3104.111343019971,0.002648290001993292,0.0013940634575438315,"(-0.000124, 0.00384]",-0.017851011374683645,0.6704311370849609
2018-04-02,3163.18,3099.3992957231044,-0.0018050427593171436,-0.0019772619275313257,"(-0.00408, -0.000124]",-0.021932122906022918,0.5118854641914368
2018-04-03,3136.63,3132.059952779659,-0.008393452158903303,-0.0098382157260545,"(-0.012, -0.00804]",-0.0098382157260545,0.5044220089912415
2018-04-04,3131.11,3080.637982191826,-0.001759850540229424,-0.0019772619275313257,"(-0.00408, -0.000124]",-0.017851011374683645,0.7248499393463135
2018-04-09,3138.29,3100.3054643579935,0.002293116498621739,0.0013940634575438315,"(-0.000124, 0.00384]",-0.0098382157260545,0.9312191009521484
2018-04-10,3190.32,3069.4606380052574,0.01657909243568967,0.017640144267200328,"(0.0157, 0.0197]",-0.021932122906022918,0.4929494261741638
2018-04-11,3208.08,3171.1288109731795,0.005566839690062331,0.005703936823873401,"(0.00384, 0.0078]",-0.006015443286824101,0.47633904218673706
2018-04-12,3180.16,3212.552267096877,-0.008703024862222963,-0.0098382157260545,"(-0.012, -0.00804]",0.0013940634575438315,0.6380137801170349
2018-04-13,3159.05,3135.8270678337603,-0.006638030790903526,-0.006015443286824101,"(-0.00804, -0.00408]",-0.013940472229774408,0.7276892066001892
2018-04-16,3110.65,3152.8037307078325,-0.015321061711590533,-0.013940472229774408,"(-0.016, -0.012]",-0.0019772619275313257,0.4944804608821869
2018-04-17,3066.8,3114.9864434942087,-0.014096732194235906,-0.013940472229774408,"(-0.016, -0.012]",0.0013940634575438315,0.9453598260879517
2018-04-18,3091.4,3036.628160011336,0.008021390374331583,0.009682278338297186,"(0.0078, 0.0118]",-0.0098382157260545,0.8319933414459229
2018-04-19,3117.38,3048.304424148875,0.008403959371158676,0.009682278338297186,"(0.0078, 0.0118]",-0.013940472229774408,0.8544866442680359
2018-04-20,3071.54,3121.725825541278,-0.014704655832782687,-0.013940472229774408,"(-0.016, -0.012]",0.0013940634575438315,0.8483849167823792
2018-04-23,3068.01,3075.821921672384,-0.0011492606314746912,-0.0019772619275313257,"(-0.00408, -0.000124]",0.0013940634575438315,0.9841253757476807
2018-04-24,3128.93,3037.826255770308,0.01985651937249222,0.021678292379204503,"(0.0197, 0.0236]",-0.0098382157260545,0.9227645397186279
2018-04-25,3117.97,3122.7432858370894,-0.0035027948851524826,-0.0019772619275313257,"(-0.00408, -0.000124]",-0.0019772619275313257,0.42017868161201477
2018-04-26,3075.03,3087.2947385126336,-0.013771780998534155,-0.013940472229774408,"(-0.016, -0.012]",-0.0098382157260545,0.6053884625434875
2018-04-27,3082.23,3068.9498602549834,0.0023414405713113595,0.0013940634575438315,"(-0.000124, 0.00384]",-0.0019772619275313257,0.6596730351448059
2018-05-02,3081.18,3014.630152815369,-0.00034066244245245514,-0.0019772619275313257,"(-0.00408, -0.000124]",-0.021932122906022918,0.7159741520881653
2018-05-03,3100.86,3050.8666864691954,0.006387163359492298,0.005703936823873401,"(0.00384, 0.0078]",-0.0098382157260545,0.9783099889755249
2018-05-04,3091.03,3082.206952529619,-0.003170088298085072,-0.0019772619275313257,"(-0.00408, -0.000124]",-0.006015443286824101,0.8778459429740906
2018-05-07,3136.64,3023.237150133796,0.014755599266263797,0.013653352011732544,"(0.0118, 0.0157]",-0.021932122906022918,0.7128432393074036
2018-05-08,3161.5,3141.01267520347,0.007925678432972871,0.009682278338297186,"(0.0078, 0.0118]",0.0013940634575438315,0.5110016465187073
2018-05-09,3159.15,3165.9073316210247,-0.0007433180452316446,-0.0019772619275313257,"(-0.00408, -0.000124]",0.0013940634575438315,0.9244595766067505
2018-05-10,3174.41,3102.755977415668,0.004830413244068632,0.005703936823873401,"(0.00384, 0.0078]",-0.017851011374683645,0.8257730603218079
2018-05-11,3163.26,3178.8353289802612,-0.0035124637334180697,-0.0019772619275313257,"(-0.00408, -0.000124]",0.0013940634575438315,0.9018285274505615
2018-05-14,3174.03,3167.6697851727104,0.003404715388554802,0.0013940634575438315,"(-0.000124, 0.00384]",0.0013940634575438315,0.7687473297119141
2018-05-15,3192.12,3178.4547992361477,0.005699379022882534,0.005703936823873401,"(0.00384, 0.0078]",0.0013940634575438315,0.929526150226593
2018-05-16,3169.57,3299.0435085155177,-0.007064270766763081,-0.006015443286824101,"(-0.00804, -0.00408]",0.03349608050935354,0.5383816957473755
2018-05-17,3154.28,3187.6490270388445,-0.004823998207958757,-0.006015443286824101,"(-0.00804, -0.00408]",0.005703936823873401,0.6095281839370728
2018-05-18,3193.3,3172.2718138448076,0.012370493424807005,0.013653352011732544,"(0.0118, 0.0157]",0.005703936823873401,0.42382314801216125
2018-05-21,3213.84,3249.630272688451,0.006432217455297096,0.005703936823873401,"(0.00384, 0.0078]",0.017640144267200328,0.3693000078201294
2018-05-22,3214.35,3244.9572934147536,0.0001586886714957103,0.0013940634575438315,"(-0.000124, 0.00384]",0.009682278338297186,0.6971681714057922
2018-05-23,3168.96,3207.9943881232393,-0.01412105091231508,-0.013940472229774408,"(-0.016, -0.012]",-0.0019772619275313257,0.9848105311393738
2018-05-24,3154.65,3149.8973008417856,-0.00451567706755529,-0.006015443286824101,"(-0.00804, -0.00408]",-0.006015443286824101,0.8963208794593811
2018-05-25,3141.3,3172.6439243014324,-0.004231848224050205,-0.006015443286824101,"(-0.00804, -0.00408]",0.005703936823873401,0.6668148636817932
2018-05-28,3135.08,3110.3952129397453,-0.0019800719447363724,-0.0019772619275313257,"(-0.00408, -0.000124]",-0.0098382157260545,0.8863948583602905
2018-05-29,3120.46,3152.962298257789,-0.004663357872845331,-0.006015443286824101,"(-0.00804, -0.00408]",0.005703936823873401,0.35718753933906555
2018-05-30,3041.44,3101.6890498411967,-0.02532318952974877,-0.025691474466224693,"(-0.0278, -0.0239]",-0.006015443286824101,0.6598812937736511
2018-05-31,3095.47,3023.1443901697216,0.017764611499815786,0.017640144267200328,"(0.0157, 0.0197]",-0.006015443286824101,0.9716919660568237
2018-06-01,3075.14,3076.8493757689344,-0.006567661776725298,-0.006015443286824101,"(-0.00804, -0.00408]",-0.006015443286824101,0.5510225892066956
2018-06-04,3091.19,3079.426940300831,0.00521927456961313,0.005703936823873401,"(0.00384, 0.0078]",0.0013940634575438315,0.48104003071784973
2018-06-05,3114.21,3060.778205929778,0.0074469702606438926,0.005703936823873401,"(0.00384, 0.0078]",-0.0098382157260545,0.9967401623725891
2018-06-06,3115.18,3108.0523911326627,0.00031147546247667357,0.0013940634575438315,"(-0.000124, 0.00384]",-0.0019772619275313257,0.4636203348636627
2018-06-07,3109.5,3109.020473188593,-0.0018233296310324887,-0.0019772619275313257,"(-0.00408, -0.000124]",-0.0019772619275313257,0.8723704814910889
2018-06-08,3067.15,3066.1521016015163,-0.013619552982794603,-0.013940472229774408,"(-0.016, -0.012]",-0.013940472229774408,0.3554466664791107
2018-06-11,3052.78,3109.0268786227857,-0.004685131147808219,-0.006015443286824101,"(-0.00804, -0.00408]",0.013653352011732544,0.6599254608154297
2018-06-12,3079.8,3106.631479616024,0.008850948971101724,0.009682278338297186,"(0.0078, 0.0118]",0.017640144267200328,0.4137439727783203
2018-06-13,3049.8,3109.619480826288,-0.009740892265731493,-0.0098382157260545,"(-0.012, -0.00804]",0.009682278338297186,0.8265025019645691
2018-06-14,3044.16,3054.051614732817,-0.0018493015935472368,-0.0019772619275313257,"(-0.00408, -0.000124]",0.0013940634575438315,0.9800243973731995
2018-06-15,3021.9,3061.523696321762,-0.0073123620309050175,-0.006015443286824101,"(-0.00804, -0.00408]",0.005703936823873401,0.6110056042671204
2018-06-19,2907.82,3003.7219319315464,-0.03775108375525327,-0.03754542132745795,"(-0.0397, -0.0358]",-0.006015443286824101,0.9537922143936157
2018-06-20,2915.73,2911.873685603115,0.0027202509096160288,0.0013940634575438315,"(-0.000124, 0.00384]",0.0013940634575438315,0.6616591215133667
2018-06-21,2875.81,2967.163897844204,-0.013691253991281793,-0.013940472229774408,"(-0.016, -0.012]",0.017640144267200328,0.6200372576713562
2018-06-22,2889.76,2858.510728041318,0.004850807250826872,0.005703936823873401,"(0.00384, 0.0078]",-0.006015443286824101,0.8510955572128296
2018-06-25,2859.34,2861.329917723477,-0.010526825757156355,-0.0098382157260545,"(-0.012, -0.00804]",-0.0098382157260545,0.9561706781387329
2018-06-26,2844.51,2898.3795755412275,-0.005186511572600638,-0.006015443286824101,"(-0.00804, -0.00408]",0.013653352011732544,0.9683182835578918
2018-06-27,2813.18,2827.399011416196,-0.011014199282126103,-0.0098382157260545,"(-0.012, -0.00804]",-0.006015443286824101,0.9986547231674194
2018-06-28,2786.9,2817.101751437493,-0.00934174137452981,-0.0098382157260545,"(-0.012, -0.00804]",0.0013940634575438315,0.5009071826934814
2018-06-29,2847.42,2781.389568734163,0.02171588503354971,0.021678292379204503,"(0.0197, 0.0236]",-0.0019772619275313257,0.4433229863643646
2018-07-02,2775.56,2851.3894841702795,-0.025236881106405096,-0.025691474466224693,"(-0.0278, -0.0239]",0.0013940634575438315,0.943462073802948
2018-07-03,2786.89,2779.42930677022,0.004082059115998238,0.005703936823873401,"(0.00384, 0.0078]",0.0013940634575438315,0.9957005381584167
