idx_time,time,price,change,volume,amount,type,date,date_time
09:25:03,09:25:03,35.05,35.05,386,1352930,买盘,2017-06-23,2017-06-23 09:25:03
09:30:03,09:30:03,35.05,--,0,0,卖盘,2017-06-23,2017-06-23 09:30:03
09:30:06,09:30:06,35.3,0.25,50,176500,买盘,2017-06-23,2017-06-23 09:30:06
09:30:09,09:30:09,35.3,--,2,7059,卖盘,2017-06-23,2017-06-23 09:30:09
09:30:18,09:30:18,35.3,--,45,158850,卖盘,2017-06-23,2017-06-23 09:30:18
09:30:21,09:30:21,35.3,--,7,24709,卖盘,2017-06-23,2017-06-23 09:30:21
09:30:24,09:30:24,35.3,--,32,112959,买盘,2017-06-23,2017-06-23 09:30:24
09:30:27,09:30:27,35.38,0.08,15,53070,买盘,2017-06-23,2017-06-23 09:30:27
09:30:30,09:30:30,35.38,--,43,152134,买盘,2017-06-23,2017-06-23 09:30:30
09:30:36,09:30:36,35.38,--,210,742980,卖盘,2017-06-23,2017-06-23 09:30:36
09:30:42,09:30:42,35.38,--,22,77836,卖盘,2017-06-23,2017-06-23 09:30:42
09:30:45,09:30:45,35.46,0.08,179,634734,买盘,2017-06-23,2017-06-23 09:30:45
09:30:51,09:30:51,35.46,--,47,166662,买盘,2017-06-23,2017-06-23 09:30:51
09:30:54,09:30:54,35.4,-0.06,14,49560,卖盘,2017-06-23,2017-06-23 09:30:54
09:30:57,09:30:57,35.44,0.04,7,24808,中性盘,2017-06-23,2017-06-23 09:30:57
09:31:00,09:31:00,35.4,-0.04,1,3540,卖盘,2017-06-23,2017-06-23 09:31:00
09:31:03,09:31:03,35.48,0.08,255,904739,买盘,2017-06-23,2017-06-23 09:31:03
09:31:09,09:31:09,35.48,--,150,532200,买盘,2017-06-23,2017-06-23 09:31:09
09:31:12,09:31:12,35.46,-0.02,2,7092,中性盘,2017-06-23,2017-06-23 09:31:12
09:31:15,09:31:15,35.32,-0.14,10,35320,卖盘,2017-06-23,2017-06-23 09:31:15
09:31:24,09:31:24,35.37,0.05,3,10611,买盘,2017-06-23,2017-06-23 09:31:24
09:31:27,09:31:27,35.34,-0.03,22,77748,卖盘,2017-06-23,2017-06-23 09:31:27
09:31:30,09:31:30,35.37,0.03,2,7073,中性盘,2017-06-23,2017-06-23 09:31:30
09:31:36,09:31:36,35.42,0.05,53,187726,买盘,2017-06-23,2017-06-23 09:31:36
09:31:39,09:31:39,35.42,--,30,106260,买盘,2017-06-23,2017-06-23 09:31:39
09:31:42,09:31:42,35.42,--,241,853622,买盘,2017-06-23,2017-06-23 09:31:42
09:31:48,09:31:48,35.37,-0.05,2,7073,买盘,2017-06-23,2017-06-23 09:31:48
09:31:51,09:31:51,35.35,-0.02,5,17675,卖盘,2017-06-23,2017-06-23 09:31:51
09:31:57,09:31:57,35.38,0.03,7,24766,买盘,2017-06-23,2017-06-23 09:31:57
09:32:00,09:32:00,35.4,0.02,25,88500,买盘,2017-06-23,2017-06-23 09:32:00
09:32:09,09:32:09,35.48,0.08,22,78056,买盘,2017-06-23,2017-06-23 09:32:09
09:32:15,09:32:15,35.48,--,14,49671,买盘,2017-06-23,2017-06-23 09:32:15
09:32:18,09:32:18,35.48,--,4,14191,买盘,2017-06-23,2017-06-23 09:32:18
09:32:21,09:32:21,35.5,0.02,2,7100,买盘,2017-06-23,2017-06-23 09:32:21
09:32:24,09:32:24,35.48,-0.02,2,7095,卖盘,2017-06-23,2017-06-23 09:32:24
09:32:27,09:32:27,35.41,-0.07,26,92065,卖盘,2017-06-23,2017-06-23 09:32:27
09:32:30,09:32:30,35.44,0.03,3,10632,买盘,2017-06-23,2017-06-23 09:32:30
09:32:33,09:32:33,35.5,0.06,10,35500,卖盘,2017-06-23,2017-06-23 09:32:33
09:32:36,09:32:36,35.5,--,15,53250,卖盘,2017-06-23,2017-06-23 09:32:36
09:32:39,09:32:39,35.54,0.04,18,63972,买盘,2017-06-23,2017-06-23 09:32:39
09:32:42,09:32:42,35.55,0.01,2,7109,买盘,2017-06-23,2017-06-23 09:32:42
09:32:45,09:32:45,35.55,--,19,67545,买盘,2017-06-23,2017-06-23 09:32:45
09:32:48,09:32:48,35.55,--,45,159975,买盘,2017-06-23,2017-06-23 09:32:48
09:32:51,09:32:51,35.55,--,11,39105,卖盘,2017-06-23,2017-06-23 09:32:51
09:32:54,09:32:54,35.54,-0.01,100,355400,卖盘,2017-06-23,2017-06-23 09:32:54
09:32:57,09:32:57,35.58,0.04,27,96066,买盘,2017-06-23,2017-06-23 09:32:57
09:33:00,09:33:00,35.61,0.03,35,124635,买盘,2017-06-23,2017-06-23 09:33:00
09:33:06,09:33:06,35.63,0.02,13,46319,卖盘,2017-06-23,2017-06-23 09:33:06
09:33:09,09:33:09,35.61,-0.02,22,78342,卖盘,2017-06-23,2017-06-23 09:33:09
09:33:12,09:33:12,35.68,0.07,24,85632,买盘,2017-06-23,2017-06-23 09:33:12
09:33:15,09:33:15,35.65,-0.03,100,356500,卖盘,2017-06-23,2017-06-23 09:33:15
09:33:18,09:33:18,35.68,0.03,115,410320,买盘,2017-06-23,2017-06-23 09:33:18
09:33:21,09:33:21,35.7,0.02,32,114240,买盘,2017-06-23,2017-06-23 09:33:21
09:33:24,09:33:24,35.7,--,108,385560,卖盘,2017-06-23,2017-06-23 09:33:24
09:33:27,09:33:27,35.68,-0.02,300,1070400,卖盘,2017-06-23,2017-06-23 09:33:27
09:33:30,09:33:30,35.79,0.11,6,21474,买盘,2017-06-23,2017-06-23 09:33:30
09:33:33,09:33:33,35.68,-0.11,67,241839,卖盘,2017-06-23,2017-06-23 09:33:33
09:33:36,09:33:36,35.7,0.02,12,42840,买盘,2017-06-23,2017-06-23 09:33:36
09:33:39,09:33:39,35.88,0.18,148,531024,买盘,2017-06-23,2017-06-23 09:33:39
09:33:42,09:33:42,35.88,--,5,17940,卖盘,2017-06-23,2017-06-23 09:33:42
09:33:45,09:33:45,35.88,--,7,25116,卖盘,2017-06-23,2017-06-23 09:33:45
09:33:48,09:33:48,35.8,-0.08,4,14319,中性盘,2017-06-23,2017-06-23 09:33:48
09:33:51,09:33:51,35.85,0.05,18,64530,买盘,2017-06-23,2017-06-23 09:33:51
09:33:54,09:33:54,35.85,--,7,25095,买盘,2017-06-23,2017-06-23 09:33:54
09:33:57,09:33:57,35.85,--,12,43020,买盘,2017-06-23,2017-06-23 09:33:57
09:34:00,09:34:00,35.74,-0.11,55,196570,卖盘,2017-06-23,2017-06-23 09:34:00
09:34:03,09:34:03,35.75,0.01,12,42900,买盘,2017-06-23,2017-06-23 09:34:03
09:34:06,09:34:06,35.75,--,6,21450,买盘,2017-06-23,2017-06-23 09:34:06
09:34:09,09:34:09,35.85,0.1,41,146985,买盘,2017-06-23,2017-06-23 09:34:09
09:34:12,09:34:12,35.8,-0.05,33,118139,卖盘,2017-06-23,2017-06-23 09:34:12
09:34:15,09:34:15,35.8,--,25,89500,卖盘,2017-06-23,2017-06-23 09:34:15
09:34:18,09:34:18,35.75,-0.05,37,132275,卖盘,2017-06-23,2017-06-23 09:34:18
09:34:21,09:34:21,35.8,0.05,145,519099,买盘,2017-06-23,2017-06-23 09:34:21
09:34:24,09:34:24,35.5,-0.3,544,1931200,卖盘,2017-06-23,2017-06-23 09:34:24
09:34:27,09:34:27,35.7,0.2,15,53550,买盘,2017-06-23,2017-06-23 09:34:27
09:34:30,09:34:30,35.5,-0.2,2,7100,卖盘,2017-06-23,2017-06-23 09:34:30
09:34:33,09:34:33,35.74,0.24,50,178700,买盘,2017-06-23,2017-06-23 09:34:33
09:34:36,09:34:36,35.74,--,40,142960,卖盘,2017-06-23,2017-06-23 09:34:36
09:34:39,09:34:39,35.75,0.01,6,21450,卖盘,2017-06-23,2017-06-23 09:34:39
09:34:42,09:34:42,35.75,--,12,42900,卖盘,2017-06-23,2017-06-23 09:34:42
09:34:45,09:34:45,35.52,-0.23,46,163392,卖盘,2017-06-23,2017-06-23 09:34:45
09:34:51,09:34:51,35.51,-0.01,141,500691,卖盘,2017-06-23,2017-06-23 09:34:51
09:34:54,09:34:54,35.5,-0.01,52,184600,卖盘,2017-06-23,2017-06-23 09:34:54
09:34:57,09:34:57,35.51,0.01,33,117183,买盘,2017-06-23,2017-06-23 09:34:57
09:35:00,09:35:00,35.5,-0.01,7,24850,中性盘,2017-06-23,2017-06-23 09:35:00
09:35:03,09:35:03,35.44,-0.06,31,109864,卖盘,2017-06-23,2017-06-23 09:35:03
09:35:06,09:35:06,35.5,0.06,67,237850,买盘,2017-06-23,2017-06-23 09:35:06
09:35:09,09:35:09,35.5,--,6,21300,买盘,2017-06-23,2017-06-23 09:35:09
09:35:12,09:35:12,35.42,-0.08,44,155848,卖盘,2017-06-23,2017-06-23 09:35:12
09:35:15,09:35:15,35.43,0.01,26,92118,买盘,2017-06-23,2017-06-23 09:35:15
09:35:18,09:35:18,35.43,--,38,134634,卖盘,2017-06-23,2017-06-23 09:35:18
09:35:21,09:35:21,35.5,0.07,36,127800,买盘,2017-06-23,2017-06-23 09:35:21
09:35:24,09:35:24,35.5,--,27,95850,买盘,2017-06-23,2017-06-23 09:35:24
09:35:27,09:35:27,35.43,-0.07,1,3543,买盘,2017-06-23,2017-06-23 09:35:27
09:35:30,09:35:30,35.5,0.07,29,102950,买盘,2017-06-23,2017-06-23 09:35:30
09:35:33,09:35:33,35.52,0.02,6,21312,买盘,2017-06-23,2017-06-23 09:35:33
09:35:36,09:35:36,35.5,-0.02,6,21300,买盘,2017-06-23,2017-06-23 09:35:36
09:35:39,09:35:39,35.5,--,14,49700,买盘,2017-06-23,2017-06-23 09:35:39
09:35:42,09:35:42,35.45,-0.05,63,223335,卖盘,2017-06-23,2017-06-23 09:35:42
09:35:48,09:35:48,35.45,--,139,492755,买盘,2017-06-23,2017-06-23 09:35:48
09:35:54,09:35:54,35.42,-0.03,65,230230,卖盘,2017-06-23,2017-06-23 09:35:54
09:35:57,09:35:57,35.45,0.03,89,315505,买盘,2017-06-23,2017-06-23 09:35:57
09:36:00,09:36:00,35.43,-0.02,18,63774,卖盘,2017-06-23,2017-06-23 09:36:00
09:36:03,09:36:03,35.4,-0.03,131,463740,卖盘,2017-06-23,2017-06-23 09:36:03
09:36:06,09:36:06,35.4,--,425,1504500,卖盘,2017-06-23,2017-06-23 09:36:06
09:36:09,09:36:09,35.4,--,33,116820,买盘,2017-06-23,2017-06-23 09:36:09
09:36:12,09:36:12,35.43,0.03,98,347214,买盘,2017-06-23,2017-06-23 09:36:12
09:36:15,09:36:15,35.4,-0.03,2,7080,中性盘,2017-06-23,2017-06-23 09:36:15
09:36:18,09:36:18,35.4,--,10,35400,卖盘,2017-06-23,2017-06-23 09:36:18
09:36:21,09:36:21,35.43,0.03,58,205494,买盘,2017-06-23,2017-06-23 09:36:21
09:36:24,09:36:24,35.4,-0.03,10,35400,卖盘,2017-06-23,2017-06-23 09:36:24
09:36:27,09:36:27,35.4,--,25,88500,买盘,2017-06-23,2017-06-23 09:36:27
09:36:33,09:36:33,35.37,-0.03,18,63665,卖盘,2017-06-23,2017-06-23 09:36:33
09:36:51,09:36:51,35.35,-0.02,1,3535,卖盘,2017-06-23,2017-06-23 09:36:51
09:36:57,09:36:57,35.32,-0.03,50,176600,卖盘,2017-06-23,2017-06-23 09:36:57
09:37:00,09:37:00,35.35,0.03,9,31815,买盘,2017-06-23,2017-06-23 09:37:00
09:37:03,09:37:03,35.32,-0.03,100,353200,卖盘,2017-06-23,2017-06-23 09:37:03
09:37:06,09:37:06,35.33,0.01,76,268508,中性盘,2017-06-23,2017-06-23 09:37:06
09:37:09,09:37:09,35.35,0.02,24,84840,买盘,2017-06-23,2017-06-23 09:37:09
09:37:12,09:37:12,35.32,-0.03,13,45916,中性盘,2017-06-23,2017-06-23 09:37:12
09:37:15,09:37:15,35.33,0.01,16,56528,买盘,2017-06-23,2017-06-23 09:37:15
09:37:21,09:37:21,35.33,--,10,35330,买盘,2017-06-23,2017-06-23 09:37:21
09:37:30,09:37:30,35.32,-0.01,2,7064,中性盘,2017-06-23,2017-06-23 09:37:30
09:37:33,09:37:33,35.16,-0.16,46,161735,卖盘,2017-06-23,2017-06-23 09:37:33
09:37:39,09:37:39,35.33,0.17,30,105990,买盘,2017-06-23,2017-06-23 09:37:39
09:37:42,09:37:42,35.33,--,32,113056,卖盘,2017-06-23,2017-06-23 09:37:42
09:37:45,09:37:45,35.33,--,9,31797,卖盘,2017-06-23,2017-06-23 09:37:45
09:37:48,09:37:48,35.2,-0.13,35,123200,卖盘,2017-06-23,2017-06-23 09:37:48
09:37:51,09:37:51,35.36,0.16,53,187408,买盘,2017-06-23,2017-06-23 09:37:51
09:37:54,09:37:54,35.36,--,21,74256,卖盘,2017-06-23,2017-06-23 09:37:54
09:37:57,09:37:57,35.36,--,74,261664,卖盘,2017-06-23,2017-06-23 09:37:57
09:38:00,09:38:00,35.4,0.04,49,173460,买盘,2017-06-23,2017-06-23 09:38:00
09:38:12,09:38:12,35.33,-0.07,29,102457,中性盘,2017-06-23,2017-06-23 09:38:12
09:38:15,09:38:15,35.36,0.03,3,10608,买盘,2017-06-23,2017-06-23 09:38:15
09:38:18,09:38:18,35.43,0.07,144,510192,买盘,2017-06-23,2017-06-23 09:38:18
09:38:21,09:38:21,35.45,0.02,14,49630,买盘,2017-06-23,2017-06-23 09:38:21
09:38:24,09:38:24,35.45,--,6,21270,买盘,2017-06-23,2017-06-23 09:38:24
09:38:27,09:38:27,35.4,-0.05,25,88500,中性盘,2017-06-23,2017-06-23 09:38:27
09:38:36,09:38:36,35.4,--,66,233640,卖盘,2017-06-23,2017-06-23 09:38:36
09:38:39,09:38:39,35.4,--,38,134520,卖盘,2017-06-23,2017-06-23 09:38:39
09:38:42,09:38:42,35.4,--,50,177000,卖盘,2017-06-23,2017-06-23 09:38:42
09:38:45,09:38:45,35.4,--,16,56640,买盘,2017-06-23,2017-06-23 09:38:45
09:38:48,09:38:48,35.4,--,9,31860,买盘,2017-06-23,2017-06-23 09:38:48
09:38:51,09:38:51,35.4,--,50,177000,买盘,2017-06-23,2017-06-23 09:38:51
09:38:54,09:38:54,35.4,--,6,21240,买盘,2017-06-23,2017-06-23 09:38:54
09:38:57,09:38:57,35.4,--,16,56640,买盘,2017-06-23,2017-06-23 09:38:57
09:39:06,09:39:06,35.3,-0.1,9,31769,卖盘,2017-06-23,2017-06-23 09:39:06
09:39:09,09:39:09,35.4,0.1,13,46020,买盘,2017-06-23,2017-06-23 09:39:09
09:39:18,09:39:18,35.4,--,20,70800,买盘,2017-06-23,2017-06-23 09:39:18
09:39:21,09:39:21,35.4,--,7,24780,买盘,2017-06-23,2017-06-23 09:39:21
09:39:30,09:39:30,35.4,--,7,24780,买盘,2017-06-23,2017-06-23 09:39:30
09:39:33,09:39:33,35.31,-0.09,10,35310,卖盘,2017-06-23,2017-06-23 09:39:33
09:39:36,09:39:36,35.4,0.09,5,17700,买盘,2017-06-23,2017-06-23 09:39:36
09:39:45,09:39:45,35.31,-0.09,20,70620,卖盘,2017-06-23,2017-06-23 09:39:45
09:39:48,09:39:48,35.31,--,7,24717,卖盘,2017-06-23,2017-06-23 09:39:48
09:39:54,09:39:54,35.4,0.09,7,24780,买盘,2017-06-23,2017-06-23 09:39:54
09:40:06,09:40:06,35.39,-0.01,30,106170,中性盘,2017-06-23,2017-06-23 09:40:06
09:40:12,09:40:12,35.4,0.01,9,31860,买盘,2017-06-23,2017-06-23 09:40:12
09:40:15,09:40:15,35.31,-0.09,15,52965,卖盘,2017-06-23,2017-06-23 09:40:15
09:40:21,09:40:21,35.31,--,6,21186,买盘,2017-06-23,2017-06-23 09:40:21
09:40:27,09:40:27,35.3,-0.01,84,296520,卖盘,2017-06-23,2017-06-23 09:40:27
09:40:33,09:40:33,35.29,-0.01,23,81167,卖盘,2017-06-23,2017-06-23 09:40:33
09:40:39,09:40:39,35.29,--,2,7058,卖盘,2017-06-23,2017-06-23 09:40:39
09:40:42,09:40:42,35.29,--,6,21174,卖盘,2017-06-23,2017-06-23 09:40:42
09:40:45,09:40:45,35.31,0.02,228,805068,买盘,2017-06-23,2017-06-23 09:40:45
09:40:54,09:40:54,35.4,0.09,60,212400,买盘,2017-06-23,2017-06-23 09:40:54
09:40:57,09:40:57,35.29,-0.11,120,423480,卖盘,2017-06-23,2017-06-23 09:40:57
09:41:03,09:41:03,35.29,--,2,7058,买盘,2017-06-23,2017-06-23 09:41:03
09:41:06,09:41:06,35.29,--,60,211740,买盘,2017-06-23,2017-06-23 09:41:06
09:41:12,09:41:12,35.4,0.11,207,732780,买盘,2017-06-23,2017-06-23 09:41:12
09:41:15,09:41:15,35.29,-0.11,19,67051,卖盘,2017-06-23,2017-06-23 09:41:15
09:41:18,09:41:18,35.29,--,12,42348,卖盘,2017-06-23,2017-06-23 09:41:18
09:41:27,09:41:27,35.29,--,3,10587,卖盘,2017-06-23,2017-06-23 09:41:27
09:41:33,09:41:33,35.29,--,20,70580,卖盘,2017-06-23,2017-06-23 09:41:33
09:41:51,09:41:51,35.3,0.01,3,10590,卖盘,2017-06-23,2017-06-23 09:41:51
09:42:06,09:42:06,35.38,0.08,14,49532,买盘,2017-06-23,2017-06-23 09:42:06
09:42:18,09:42:18,35.38,--,5,17690,卖盘,2017-06-23,2017-06-23 09:42:18
09:42:36,09:42:36,35.4,0.02,11,38940,买盘,2017-06-23,2017-06-23 09:42:36
09:42:48,09:42:48,35.38,-0.02,2,7076,卖盘,2017-06-23,2017-06-23 09:42:48
09:42:51,09:42:51,35.4,0.02,26,92040,买盘,2017-06-23,2017-06-23 09:42:51
09:43:06,09:43:06,35.4,--,26,92040,买盘,2017-06-23,2017-06-23 09:43:06
09:43:09,09:43:09,35.39,-0.01,7,24773,卖盘,2017-06-23,2017-06-23 09:43:09
09:43:24,09:43:24,35.36,-0.03,100,353600,卖盘,2017-06-23,2017-06-23 09:43:24
09:43:39,09:43:39,35.36,--,38,134368,卖盘,2017-06-23,2017-06-23 09:43:39
09:43:57,09:43:57,35.3,-0.06,183,645990,卖盘,2017-06-23,2017-06-23 09:43:57
09:44:06,09:44:06,35.3,--,80,282400,买盘,2017-06-23,2017-06-23 09:44:06
09:44:15,09:44:15,35.3,--,7,24709,买盘,2017-06-23,2017-06-23 09:44:15
09:44:21,09:44:21,35.3,--,42,148260,卖盘,2017-06-23,2017-06-23 09:44:21
09:44:24,09:44:24,35.3,--,42,148260,卖盘,2017-06-23,2017-06-23 09:44:24
09:44:27,09:44:27,35.28,-0.02,30,105840,卖盘,2017-06-23,2017-06-23 09:44:27
09:44:30,09:44:30,35.27,-0.01,1,3527,卖盘,2017-06-23,2017-06-23 09:44:30
09:44:33,09:44:33,35.27,--,21,74067,卖盘,2017-06-23,2017-06-23 09:44:33
09:44:39,09:44:39,35.25,-0.02,30,105750,卖盘,2017-06-23,2017-06-23 09:44:39
09:44:42,09:44:42,35.28,0.03,55,194040,买盘,2017-06-23,2017-06-23 09:44:42
09:44:48,09:44:48,35.22,-0.06,121,426162,卖盘,2017-06-23,2017-06-23 09:44:48
09:44:57,09:44:57,35.21,-0.01,1,3521,卖盘,2017-06-23,2017-06-23 09:44:57
09:45:00,09:45:00,35.21,--,45,158445,买盘,2017-06-23,2017-06-23 09:45:00
09:45:03,09:45:03,35.21,--,1,3521,买盘,2017-06-23,2017-06-23 09:45:03
09:45:06,09:45:06,35.22,0.01,1,3522,买盘,2017-06-23,2017-06-23 09:45:06
09:45:12,09:45:12,35.15,-0.07,125,439375,卖盘,2017-06-23,2017-06-23 09:45:12
09:45:21,09:45:21,35.18,0.03,1,3518,中性盘,2017-06-23,2017-06-23 09:45:21
09:45:24,09:45:24,35.1,-0.08,66,231660,卖盘,2017-06-23,2017-06-23 09:45:24
09:45:30,09:45:30,35.1,--,43,150930,卖盘,2017-06-23,2017-06-23 09:45:30
09:45:33,09:45:33,35.15,0.05,22,77330,买盘,2017-06-23,2017-06-23 09:45:33
09:45:39,09:45:39,35.1,-0.05,1,3510,买盘,2017-06-23,2017-06-23 09:45:39
09:45:42,09:45:42,35.06,-0.04,100,350600,卖盘,2017-06-23,2017-06-23 09:45:42
09:45:45,09:45:45,35.1,0.04,1,3510,买盘,2017-06-23,2017-06-23 09:45:45
09:45:48,09:45:48,35.15,0.05,3,10545,买盘,2017-06-23,2017-06-23 09:45:48
09:45:54,09:45:54,35.1,-0.05,60,210600,卖盘,2017-06-23,2017-06-23 09:45:54
09:46:00,09:46:00,35.11,0.01,11,38621,中性盘,2017-06-23,2017-06-23 09:46:00
09:46:03,09:46:03,35.14,0.03,5,17570,买盘,2017-06-23,2017-06-23 09:46:03
09:46:06,09:46:06,35.14,--,4,14056,买盘,2017-06-23,2017-06-23 09:46:06
09:46:12,09:46:12,35.18,0.04,2,7036,买盘,2017-06-23,2017-06-23 09:46:12
09:46:18,09:46:18,35.11,-0.07,13,45643,中性盘,2017-06-23,2017-06-23 09:46:18
09:46:21,09:46:21,35.17,0.06,1,3517,买盘,2017-06-23,2017-06-23 09:46:21
09:46:33,09:46:33,35.17,--,6,21102,买盘,2017-06-23,2017-06-23 09:46:33
09:46:54,09:46:54,35.16,-0.01,14,49223,中性盘,2017-06-23,2017-06-23 09:46:54
09:47:03,09:47:03,35.17,0.01,3,10551,买盘,2017-06-23,2017-06-23 09:47:03
09:47:15,09:47:15,35.13,-0.04,212,744756,卖盘,2017-06-23,2017-06-23 09:47:15
09:47:18,09:47:18,35.12,-0.01,180,632160,卖盘,2017-06-23,2017-06-23 09:47:18
09:47:21,09:47:21,35.13,0.01,205,720165,买盘,2017-06-23,2017-06-23 09:47:21
09:47:30,09:47:30,35.13,--,10,35130,买盘,2017-06-23,2017-06-23 09:47:30
09:47:36,09:47:36,35.11,-0.02,250,877750,卖盘,2017-06-23,2017-06-23 09:47:36
09:47:39,09:47:39,35.13,0.02,351,1233063,买盘,2017-06-23,2017-06-23 09:47:39
09:47:42,09:47:42,35.1,-0.03,41,143910,卖盘,2017-06-23,2017-06-23 09:47:42
09:47:54,09:47:54,35.06,-0.04,100,350600,卖盘,2017-06-23,2017-06-23 09:47:54
09:47:57,09:47:57,35.05,-0.01,87,304935,卖盘,2017-06-23,2017-06-23 09:47:57
09:48:09,09:48:09,35.07,0.02,157,550599,中性盘,2017-06-23,2017-06-23 09:48:09
09:48:15,09:48:15,35.05,-0.02,40,140200,卖盘,2017-06-23,2017-06-23 09:48:15
09:48:24,09:48:24,35.13,0.08,100,351300,买盘,2017-06-23,2017-06-23 09:48:24
09:48:27,09:48:27,35.04,-0.09,2,7008,卖盘,2017-06-23,2017-06-23 09:48:27
09:48:33,09:48:33,35.04,--,100,350400,卖盘,2017-06-23,2017-06-23 09:48:33
09:48:42,09:48:42,35.03,-0.01,1,3503,买盘,2017-06-23,2017-06-23 09:48:42
09:48:45,09:48:45,35.03,--,22,77066,买盘,2017-06-23,2017-06-23 09:48:45
09:48:57,09:48:57,35.04,0.01,10,35040,中性盘,2017-06-23,2017-06-23 09:48:57
09:49:24,09:49:24,35.13,0.09,66,234141,买盘,2017-06-23,2017-06-23 09:49:24
09:49:57,09:49:57,35.08,-0.05,87,305196,卖盘,2017-06-23,2017-06-23 09:49:57
09:50:12,09:50:12,35.2,0.12,3,10560,买盘,2017-06-23,2017-06-23 09:50:12
09:50:51,09:50:51,35.18,-0.02,5,17590,中性盘,2017-06-23,2017-06-23 09:50:51
09:51:03,09:51:03,35.15,-0.03,7,24605,卖盘,2017-06-23,2017-06-23 09:51:03
09:51:15,09:51:15,35.14,-0.01,1,3514,卖盘,2017-06-23,2017-06-23 09:51:15
09:51:18,09:51:18,35.15,0.01,55,193325,买盘,2017-06-23,2017-06-23 09:51:18
09:51:27,09:51:27,35.15,--,2,7030,卖盘,2017-06-23,2017-06-23 09:51:27
09:51:30,09:51:30,35.2,0.05,44,154880,买盘,2017-06-23,2017-06-23 09:51:30
09:51:45,09:51:45,35.2,--,3,10560,卖盘,2017-06-23,2017-06-23 09:51:45
09:51:48,09:51:48,35.21,0.01,88,309848,中性盘,2017-06-23,2017-06-23 09:51:48
09:51:57,09:51:57,35.21,--,2,7042,卖盘,2017-06-23,2017-06-23 09:51:57
09:52:00,09:52:00,35.25,0.04,10,35250,买盘,2017-06-23,2017-06-23 09:52:00
09:52:03,09:52:03,35.21,-0.04,26,91546,卖盘,2017-06-23,2017-06-23 09:52:03
09:52:06,09:52:06,35.24,0.03,30,105720,买盘,2017-06-23,2017-06-23 09:52:06
09:52:15,09:52:15,35.21,-0.03,8,28168,卖盘,2017-06-23,2017-06-23 09:52:15
09:52:21,09:52:21,35.24,0.03,16,56384,买盘,2017-06-23,2017-06-23 09:52:21
09:52:33,09:52:33,35.24,--,10,35240,卖盘,2017-06-23,2017-06-23 09:52:33
09:52:45,09:52:45,35.3,0.06,20,70600,买盘,2017-06-23,2017-06-23 09:52:45
09:53:00,09:53:00,35.24,-0.06,4,14096,卖盘,2017-06-23,2017-06-23 09:53:00
09:53:45,09:53:45,35.16,-0.08,50,175799,中性盘,2017-06-23,2017-06-23 09:53:45
09:53:54,09:53:54,35.24,0.08,16,56384,买盘,2017-06-23,2017-06-23 09:53:54
09:54:15,09:54:15,35.26,0.02,13,45838,中性盘,2017-06-23,2017-06-23 09:54:15
09:54:18,09:54:18,35.3,0.04,19,67070,买盘,2017-06-23,2017-06-23 09:54:18
09:54:21,09:54:21,35.3,--,19,67070,买盘,2017-06-23,2017-06-23 09:54:21
09:54:27,09:54:27,35.3,--,18,63539,买盘,2017-06-23,2017-06-23 09:54:27
09:54:33,09:54:33,35.3,--,33,116489,买盘,2017-06-23,2017-06-23 09:54:33
09:54:48,09:54:48,35.32,0.02,9,31788,买盘,2017-06-23,2017-06-23 09:54:48
09:55:06,09:55:06,35.36,0.04,36,130690,买盘,2017-06-23,2017-06-23 09:55:06
09:55:21,09:55:21,35.36,--,12,42573,卖盘,2017-06-23,2017-06-23 09:55:21
09:55:27,09:55:27,35.37,0.01,29,102572,买盘,2017-06-23,2017-06-23 09:55:27
09:55:39,09:55:39,35.37,--,48,169776,买盘,2017-06-23,2017-06-23 09:55:39
09:55:42,09:55:42,35.4,0.03,150,531000,买盘,2017-06-23,2017-06-23 09:55:42
09:55:45,09:55:45,35.36,-0.04,14,52898,买盘,2017-06-23,2017-06-23 09:55:45
09:55:48,09:55:48,35.37,0.01,8,28295,卖盘,2017-06-23,2017-06-23 09:55:48
09:56:00,09:56:00,35.37,--,12,42585,卖盘,2017-06-23,2017-06-23 09:56:00
09:56:06,09:56:06,35.37,--,30,106109,买盘,2017-06-23,2017-06-23 09:56:06
09:56:09,09:56:09,35.37,--,28,102431,买盘,2017-06-23,2017-06-23 09:56:09
09:56:21,09:56:21,35.37,--,11,39048,卖盘,2017-06-23,2017-06-23 09:56:21
09:56:27,09:56:27,35.37,--,10,38765,买盘,2017-06-23,2017-06-23 09:56:27
09:56:36,09:56:36,35.38,0.01,2,7076,卖盘,2017-06-23,2017-06-23 09:56:36
09:56:48,09:56:48,35.41,0.03,43,152262,买盘,2017-06-23,2017-06-23 09:56:48
09:56:57,09:56:57,35.42,0.01,38,134596,买盘,2017-06-23,2017-06-23 09:56:57
09:57:03,09:57:03,35.43,0.01,36,127548,买盘,2017-06-23,2017-06-23 09:57:03
09:57:06,09:57:06,35.43,--,19,67317,买盘,2017-06-23,2017-06-23 09:57:06
09:57:21,09:57:21,35.48,0.05,32,113535,买盘,2017-06-23,2017-06-23 09:57:21
09:57:36,09:57:36,35.45,-0.03,36,127620,中性盘,2017-06-23,2017-06-23 09:57:36
09:57:42,09:57:42,35.43,-0.02,38,134634,卖盘,2017-06-23,2017-06-23 09:57:42
09:57:54,09:57:54,35.45,0.02,56,198520,买盘,2017-06-23,2017-06-23 09:57:54
09:57:57,09:57:57,35.45,--,10,35450,卖盘,2017-06-23,2017-06-23 09:57:57
09:58:06,09:58:06,35.45,--,15,53175,卖盘,2017-06-23,2017-06-23 09:58:06
09:58:09,09:58:09,35.45,--,40,141800,卖盘,2017-06-23,2017-06-23 09:58:09
09:58:12,09:58:12,35.45,--,32,113440,卖盘,2017-06-23,2017-06-23 09:58:12
09:58:15,09:58:15,35.4,-0.05,5,17700,卖盘,2017-06-23,2017-06-23 09:58:15
09:58:39,09:58:39,35.4,--,1,3540,卖盘,2017-06-23,2017-06-23 09:58:39
09:58:42,09:58:42,35.4,--,8,28320,买盘,2017-06-23,2017-06-23 09:58:42
09:58:45,09:58:45,35.43,0.03,10,35430,买盘,2017-06-23,2017-06-23 09:58:45
09:58:57,09:58:57,35.4,-0.03,1,3540,卖盘,2017-06-23,2017-06-23 09:58:57
09:59:09,09:59:09,35.37,-0.03,238,841947,卖盘,2017-06-23,2017-06-23 09:59:09
09:59:36,09:59:36,35.33,-0.04,2,7066,卖盘,2017-06-23,2017-06-23 09:59:36
09:59:42,09:59:42,35.33,--,8,28264,卖盘,2017-06-23,2017-06-23 09:59:42
10:00:00,10:00:00,35.33,--,10,35330,卖盘,2017-06-23,2017-06-23 10:00:00
10:00:06,10:00:06,35.37,0.04,2,7073,买盘,2017-06-23,2017-06-23 10:00:06
10:00:24,10:00:24,35.37,--,10,35370,买盘,2017-06-23,2017-06-23 10:00:24
10:00:30,10:00:30,35.32,-0.05,51,183522,卖盘,2017-06-23,2017-06-23 10:00:30
10:01:00,10:01:00,35.33,0.01,10,35330,中性盘,2017-06-23,2017-06-23 10:01:00
10:01:06,10:01:06,35.32,-0.01,64,226189,卖盘,2017-06-23,2017-06-23 10:01:06
10:01:15,10:01:15,35.32,--,5,17660,买盘,2017-06-23,2017-06-23 10:01:15
10:01:18,10:01:18,35.32,--,16,59902,买盘,2017-06-23,2017-06-23 10:01:18
10:01:24,10:01:24,35.32,--,1,3532,卖盘,2017-06-23,2017-06-23 10:01:24
10:01:30,10:01:30,35.32,--,2,7064,卖盘,2017-06-23,2017-06-23 10:01:30
10:01:42,10:01:42,35.39,0.07,1,3539,买盘,2017-06-23,2017-06-23 10:01:42
10:02:00,10:02:00,35.39,--,55,194645,买盘,2017-06-23,2017-06-23 10:02:00
10:02:27,10:02:27,35.39,--,2,7078,卖盘,2017-06-23,2017-06-23 10:02:27
10:02:33,10:02:33,35.39,--,3,10617,卖盘,2017-06-23,2017-06-23 10:02:33
10:02:54,10:02:54,35.33,-0.06,1,3533,卖盘,2017-06-23,2017-06-23 10:02:54
10:03:33,10:03:33,35.39,0.06,1,3539,买盘,2017-06-23,2017-06-23 10:03:33
10:03:54,10:03:54,35.4,0.01,27,95580,买盘,2017-06-23,2017-06-23 10:03:54
10:04:21,10:04:21,35.43,0.03,5,17715,买盘,2017-06-23,2017-06-23 10:04:21
10:04:54,10:04:54,35.4,-0.03,20,70800,卖盘,2017-06-23,2017-06-23 10:04:54
10:05:03,10:05:03,35.43,0.03,8,28840,买盘,2017-06-23,2017-06-23 10:05:03
10:05:09,10:05:09,35.4,-0.03,3,10620,卖盘,2017-06-23,2017-06-23 10:05:09
10:05:51,10:05:51,35.4,--,4,17204,卖盘,2017-06-23,2017-06-23 10:05:51
10:05:57,10:05:57,35.4,--,63,223515,买盘,2017-06-23,2017-06-23 10:05:57
10:06:33,10:06:33,35.39,-0.01,1,3539,卖盘,2017-06-23,2017-06-23 10:06:33
10:06:45,10:06:45,35.39,--,99,350361,卖盘,2017-06-23,2017-06-23 10:06:45
10:06:54,10:06:54,35.38,-0.01,22,77836,卖盘,2017-06-23,2017-06-23 10:06:54
10:07:12,10:07:12,35.38,--,10,35380,卖盘,2017-06-23,2017-06-23 10:07:12
10:07:27,10:07:27,35.38,--,2,7076,卖盘,2017-06-23,2017-06-23 10:07:27
10:07:36,10:07:36,35.38,--,12,42456,卖盘,2017-06-23,2017-06-23 10:07:36
10:08:00,10:08:00,35.37,-0.01,20,70740,卖盘,2017-06-23,2017-06-23 10:08:00
10:08:09,10:08:09,35.36,-0.01,25,88400,卖盘,2017-06-23,2017-06-23 10:08:09
10:08:24,10:08:24,35.36,--,10,35360,卖盘,2017-06-23,2017-06-23 10:08:24
10:08:30,10:08:30,35.39,0.03,100,353900,买盘,2017-06-23,2017-06-23 10:08:30
10:08:36,10:08:36,35.36,-0.03,15,53040,卖盘,2017-06-23,2017-06-23 10:08:36
10:08:45,10:08:45,35.35,-0.01,50,176750,卖盘,2017-06-23,2017-06-23 10:08:45
10:08:48,10:08:48,35.36,0.01,20,70720,买盘,2017-06-23,2017-06-23 10:08:48
10:08:57,10:08:57,35.34,-0.02,5,17670,卖盘,2017-06-23,2017-06-23 10:08:57
10:09:03,10:09:03,35.34,--,10,35340,卖盘,2017-06-23,2017-06-23 10:09:03
10:09:12,10:09:12,35.34,--,2,7068,卖盘,2017-06-23,2017-06-23 10:09:12
10:09:33,10:09:33,35.36,0.02,10,35360,买盘,2017-06-23,2017-06-23 10:09:33
10:09:57,10:09:57,35.38,0.02,10,35380,中性盘,2017-06-23,2017-06-23 10:09:57
10:10:54,10:10:54,35.37,-0.01,15,53054,卖盘,2017-06-23,2017-06-23 10:10:54
10:11:33,10:11:33,35.37,--,1,3536,买盘,2017-06-23,2017-06-23 10:11:33
10:11:39,10:11:39,35.36,-0.01,5,17680,卖盘,2017-06-23,2017-06-23 10:11:39
10:11:48,10:11:48,35.38,0.02,307,1086166,买盘,2017-06-23,2017-06-23 10:11:48
10:12:06,10:12:06,35.38,--,140,495320,买盘,2017-06-23,2017-06-23 10:12:06
10:12:15,10:12:15,35.35,-0.03,1,3535,卖盘,2017-06-23,2017-06-23 10:12:15
10:12:42,10:12:42,35.35,--,5,17675,卖盘,2017-06-23,2017-06-23 10:12:42
10:12:51,10:12:51,35.35,--,10,35350,卖盘,2017-06-23,2017-06-23 10:12:51
10:13:18,10:13:18,35.35,--,15,53025,卖盘,2017-06-23,2017-06-23 10:13:18
10:13:21,10:13:21,35.35,--,13,45955,卖盘,2017-06-23,2017-06-23 10:13:21
10:13:27,10:13:27,35.35,--,2,7070,卖盘,2017-06-23,2017-06-23 10:13:27
10:13:30,10:13:30,35.38,0.03,10,35380,买盘,2017-06-23,2017-06-23 10:13:30
10:13:36,10:13:36,35.35,-0.03,45,159075,卖盘,2017-06-23,2017-06-23 10:13:36
10:13:45,10:13:45,35.38,0.03,3,10614,买盘,2017-06-23,2017-06-23 10:13:45
10:14:00,10:14:00,35.38,--,10,35380,买盘,2017-06-23,2017-06-23 10:14:00
10:14:09,10:14:09,35.36,-0.02,128,452608,卖盘,2017-06-23,2017-06-23 10:14:09
10:14:51,10:14:51,35.36,--,2,7072,买盘,2017-06-23,2017-06-23 10:14:51
10:15:12,10:15:12,35.36,--,13,45968,买盘,2017-06-23,2017-06-23 10:15:12
10:16:06,10:16:06,35.36,--,1,3536,卖盘,2017-06-23,2017-06-23 10:16:06
10:16:21,10:16:21,35.38,0.02,1,3538,买盘,2017-06-23,2017-06-23 10:16:21
10:16:33,10:16:33,35.39,0.01,13,46007,买盘,2017-06-23,2017-06-23 10:16:33
10:16:42,10:16:42,35.39,--,1,3539,卖盘,2017-06-23,2017-06-23 10:16:42
10:17:00,10:17:00,35.39,--,1,3539,卖盘,2017-06-23,2017-06-23 10:17:00
10:17:18,10:17:18,35.44,0.05,10,35440,买盘,2017-06-23,2017-06-23 10:17:18
10:17:48,10:17:48,35.44,--,5,17720,买盘,2017-06-23,2017-06-23 10:17:48
10:18:00,10:18:00,35.45,0.01,3,10635,买盘,2017-06-23,2017-06-23 10:18:00
10:18:48,10:18:48,35.45,--,9,31905,买盘,2017-06-23,2017-06-23 10:18:48
10:18:54,10:18:54,35.44,-0.01,2,7088,卖盘,2017-06-23,2017-06-23 10:18:54
10:19:27,10:19:27,35.45,0.01,93,329685,买盘,2017-06-23,2017-06-23 10:19:27
10:19:30,10:19:30,35.44,-0.01,10,35440,卖盘,2017-06-23,2017-06-23 10:19:30
10:20:03,10:20:03,35.47,0.03,5,17735,买盘,2017-06-23,2017-06-23 10:20:03
10:20:09,10:20:09,35.45,-0.02,18,63810,卖盘,2017-06-23,2017-06-23 10:20:09
10:20:24,10:20:24,35.46,0.01,30,106380,中性盘,2017-06-23,2017-06-23 10:20:24
10:20:42,10:20:42,35.48,0.02,17,60315,买盘,2017-06-23,2017-06-23 10:20:42
10:20:51,10:20:51,35.48,--,4,14191,买盘,2017-06-23,2017-06-23 10:20:51
10:20:54,10:20:54,35.5,0.02,145,514750,买盘,2017-06-23,2017-06-23 10:20:54
10:21:03,10:21:03,35.5,--,2,7100,卖盘,2017-06-23,2017-06-23 10:21:03
10:21:12,10:21:12,35.53,0.03,5,17765,买盘,2017-06-23,2017-06-23 10:21:12
10:21:36,10:21:36,35.53,--,8,28424,买盘,2017-06-23,2017-06-23 10:21:36
10:21:42,10:21:42,35.56,0.03,30,106680,买盘,2017-06-23,2017-06-23 10:21:42
10:21:45,10:21:45,35.56,--,8,28448,卖盘,2017-06-23,2017-06-23 10:21:45
10:21:48,10:21:48,35.53,-0.03,20,71060,卖盘,2017-06-23,2017-06-23 10:21:48
10:22:06,10:22:06,35.53,--,17,60401,卖盘,2017-06-23,2017-06-23 10:22:06
10:22:54,10:22:54,35.5,-0.03,20,71000,中性盘,2017-06-23,2017-06-23 10:22:54
10:23:00,10:23:00,35.45,-0.05,200,709000,卖盘,2017-06-23,2017-06-23 10:23:00
10:23:57,10:23:57,35.46,0.01,3,10638,中性盘,2017-06-23,2017-06-23 10:23:57
10:24:57,10:24:57,35.46,--,187,663102,买盘,2017-06-23,2017-06-23 10:24:57
10:25:00,10:25:00,35.46,--,1,3546,买盘,2017-06-23,2017-06-23 10:25:00
10:25:03,10:25:03,35.46,--,34,120564,买盘,2017-06-23,2017-06-23 10:25:03
10:25:06,10:25:06,35.46,--,22,78012,卖盘,2017-06-23,2017-06-23 10:25:06
10:25:39,10:25:39,35.46,--,11,40353,卖盘,2017-06-23,2017-06-23 10:25:39
10:27:09,10:27:09,35.46,--,21,74466,卖盘,2017-06-23,2017-06-23 10:27:09
10:27:15,10:27:15,35.46,--,15,53190,卖盘,2017-06-23,2017-06-23 10:27:15
10:27:21,10:27:21,35.45,-0.01,59,211352,卖盘,2017-06-23,2017-06-23 10:27:21
10:27:39,10:27:39,35.44,-0.01,1,3544,卖盘,2017-06-23,2017-06-23 10:27:39
10:27:42,10:27:42,35.44,--,5,17720,卖盘,2017-06-23,2017-06-23 10:27:42
10:27:57,10:27:57,35.44,--,5,17720,卖盘,2017-06-23,2017-06-23 10:27:57
10:28:00,10:28:00,35.44,--,12,42528,卖盘,2017-06-23,2017-06-23 10:28:00
10:28:54,10:28:54,35.41,-0.03,3,10622,卖盘,2017-06-23,2017-06-23 10:28:54
10:29:15,10:29:15,35.44,0.03,2,7088,买盘,2017-06-23,2017-06-23 10:29:15
10:29:18,10:29:18,35.41,-0.03,50,177049,卖盘,2017-06-23,2017-06-23 10:29:18
10:29:36,10:29:36,35.44,0.03,3,10632,买盘,2017-06-23,2017-06-23 10:29:36
10:29:54,10:29:54,35.41,-0.03,3,10622,卖盘,2017-06-23,2017-06-23 10:29:54
10:30:09,10:30:09,35.41,--,4,14163,卖盘,2017-06-23,2017-06-23 10:30:09
10:30:33,10:30:33,35.4,-0.01,50,177000,卖盘,2017-06-23,2017-06-23 10:30:33
10:30:54,10:30:54,35.39,-0.01,3,10617,卖盘,2017-06-23,2017-06-23 10:30:54
10:31:00,10:31:00,35.39,--,1,3539,卖盘,2017-06-23,2017-06-23 10:31:00
10:31:15,10:31:15,35.38,-0.01,7,24766,卖盘,2017-06-23,2017-06-23 10:31:15
10:31:30,10:31:30,35.38,--,6,21228,卖盘,2017-06-23,2017-06-23 10:31:30
10:31:33,10:31:33,35.4,0.02,30,106200,买盘,2017-06-23,2017-06-23 10:31:33
10:31:48,10:31:48,35.4,--,30,106200,买盘,2017-06-23,2017-06-23 10:31:48
10:32:03,10:32:03,35.39,-0.01,1,3539,中性盘,2017-06-23,2017-06-23 10:32:03
10:32:18,10:32:18,35.39,--,3,10617,买盘,2017-06-23,2017-06-23 10:32:18
10:32:45,10:32:45,35.39,--,8,28312,卖盘,2017-06-23,2017-06-23 10:32:45
10:33:15,10:33:15,35.36,-0.03,4,14144,卖盘,2017-06-23,2017-06-23 10:33:15
10:33:33,10:33:33,35.36,--,22,77792,卖盘,2017-06-23,2017-06-23 10:33:33
10:33:39,10:33:39,35.36,--,8,28288,卖盘,2017-06-23,2017-06-23 10:33:39
10:33:42,10:33:42,35.36,--,20,70720,卖盘,2017-06-23,2017-06-23 10:33:42
10:34:03,10:34:03,35.36,--,10,35360,卖盘,2017-06-23,2017-06-23 10:34:03
10:34:33,10:34:33,35.36,--,12,42432,卖盘,2017-06-23,2017-06-23 10:34:33
10:34:51,10:34:51,35.36,--,6,21216,卖盘,2017-06-23,2017-06-23 10:34:51
10:35:00,10:35:00,35.38,0.02,26,91988,买盘,2017-06-23,2017-06-23 10:35:00
10:35:15,10:35:15,35.38,--,1,3538,卖盘,2017-06-23,2017-06-23 10:35:15
10:35:24,10:35:24,35.38,--,15,53070,卖盘,2017-06-23,2017-06-23 10:35:24
10:35:42,10:35:42,35.38,--,19,67222,卖盘,2017-06-23,2017-06-23 10:35:42
10:36:00,10:36:00,35.35,-0.03,20,70700,卖盘,2017-06-23,2017-06-23 10:36:00
10:36:15,10:36:15,35.34,-0.01,20,70680,卖盘,2017-06-23,2017-06-23 10:36:15
10:36:30,10:36:30,35.35,0.01,1,3535,卖盘,2017-06-23,2017-06-23 10:36:30
10:36:33,10:36:33,35.35,--,3,10605,卖盘,2017-06-23,2017-06-23 10:36:33
10:36:48,10:36:48,35.3,-0.05,25,88250,卖盘,2017-06-23,2017-06-23 10:36:48
10:37:42,10:37:42,35.3,--,200,706000,卖盘,2017-06-23,2017-06-23 10:37:42
10:37:48,10:37:48,35.3,--,128,451839,卖盘,2017-06-23,2017-06-23 10:37:48
10:37:51,10:37:51,35.34,0.04,18,63612,买盘,2017-06-23,2017-06-23 10:37:51
10:38:21,10:38:21,35.35,0.01,2,7070,卖盘,2017-06-23,2017-06-23 10:38:21
10:38:45,10:38:45,35.36,0.01,19,67184,中性盘,2017-06-23,2017-06-23 10:38:45
10:39:00,10:39:00,35.39,0.03,7,24773,买盘,2017-06-23,2017-06-23 10:39:00
10:39:03,10:39:03,35.39,--,5,17695,卖盘,2017-06-23,2017-06-23 10:39:03
10:40:30,10:40:30,35.35,-0.04,10,35350,卖盘,2017-06-23,2017-06-23 10:40:30
10:40:42,10:40:42,35.35,--,1,3535,卖盘,2017-06-23,2017-06-23 10:40:42
10:40:48,10:40:48,35.38,0.03,6,21228,买盘,2017-06-23,2017-06-23 10:40:48
10:40:51,10:40:51,35.35,-0.03,5,17675,卖盘,2017-06-23,2017-06-23 10:40:51
10:41:06,10:41:06,35.38,0.03,17,60146,买盘,2017-06-23,2017-06-23 10:41:06
10:41:21,10:41:21,35.38,--,20,70760,卖盘,2017-06-23,2017-06-23 10:41:21
10:41:27,10:41:27,35.38,--,10,35380,卖盘,2017-06-23,2017-06-23 10:41:27
10:41:33,10:41:33,35.38,--,10,35380,卖盘,2017-06-23,2017-06-23 10:41:33
10:41:36,10:41:36,35.38,--,7,24766,卖盘,2017-06-23,2017-06-23 10:41:36
10:43:03,10:43:03,35.35,-0.03,30,106050,卖盘,2017-06-23,2017-06-23 10:43:03
10:43:39,10:43:39,35.35,--,10,35350,卖盘,2017-06-23,2017-06-23 10:43:39
10:44:51,10:44:51,35.35,--,16,57302,卖盘,2017-06-23,2017-06-23 10:44:51
10:46:03,10:46:03,35.35,--,10,38142,卖盘,2017-06-23,2017-06-23 10:46:03
10:46:12,10:46:12,35.35,--,8,28280,买盘,2017-06-23,2017-06-23 10:46:12
10:47:45,10:47:45,35.31,-0.04,5,17655,卖盘,2017-06-23,2017-06-23 10:47:45
10:48:12,10:48:12,35.31,--,5,17655,卖盘,2017-06-23,2017-06-23 10:48:12
10:48:33,10:48:33,35.31,--,13,45903,卖盘,2017-06-23,2017-06-23 10:48:33
10:48:51,10:48:51,35.31,--,31,109461,卖盘,2017-06-23,2017-06-23 10:48:51
10:49:45,10:49:45,35.31,--,1,3531,买盘,2017-06-23,2017-06-23 10:49:45
10:50:06,10:50:06,35.31,--,7,24717,买盘,2017-06-23,2017-06-23 10:50:06
10:50:18,10:50:18,35.3,-0.01,10,35300,卖盘,2017-06-23,2017-06-23 10:50:18
10:50:45,10:50:45,35.28,-0.02,60,211680,卖盘,2017-06-23,2017-06-23 10:50:45
10:51:00,10:51:00,35.28,--,1,3528,卖盘,2017-06-23,2017-06-23 10:51:00
10:51:21,10:51:21,35.28,--,30,105840,卖盘,2017-06-23,2017-06-23 10:51:21
10:51:27,10:51:27,35.28,--,2,7056,卖盘,2017-06-23,2017-06-23 10:51:27
10:51:33,10:51:33,35.31,0.03,1,3531,买盘,2017-06-23,2017-06-23 10:51:33
10:51:48,10:51:48,35.28,-0.03,5,17640,卖盘,2017-06-23,2017-06-23 10:51:48
10:52:00,10:52:00,35.27,-0.01,25,88175,卖盘,2017-06-23,2017-06-23 10:52:00
10:52:21,10:52:21,35.27,--,1,3527,卖盘,2017-06-23,2017-06-23 10:52:21
10:52:27,10:52:27,35.27,--,3,10581,卖盘,2017-06-23,2017-06-23 10:52:27
10:52:45,10:52:45,35.27,--,10,35270,卖盘,2017-06-23,2017-06-23 10:52:45
10:53:03,10:53:03,35.27,--,1,3527,卖盘,2017-06-23,2017-06-23 10:53:03
10:53:24,10:53:24,35.27,--,1,3527,买盘,2017-06-23,2017-06-23 10:53:24
10:54:15,10:54:15,35.24,-0.03,40,140960,卖盘,2017-06-23,2017-06-23 10:54:15
10:54:27,10:54:27,35.2,-0.04,3,10560,卖盘,2017-06-23,2017-06-23 10:54:27
10:55:06,10:55:06,35.2,--,6,21120,卖盘,2017-06-23,2017-06-23 10:55:06
10:55:09,10:55:09,35.24,0.04,24,84576,买盘,2017-06-23,2017-06-23 10:55:09
10:56:39,10:56:39,35.21,-0.03,10,35210,中性盘,2017-06-23,2017-06-23 10:56:39
10:56:51,10:56:51,35.2,-0.01,10,35200,卖盘,2017-06-23,2017-06-23 10:56:51
10:57:03,10:57:03,35.2,--,3,10560,卖盘,2017-06-23,2017-06-23 10:57:03
10:57:09,10:57:09,35.21,0.01,88,309848,买盘,2017-06-23,2017-06-23 10:57:09
10:57:12,10:57:12,35.21,--,3,10563,卖盘,2017-06-23,2017-06-23 10:57:12
10:57:21,10:57:21,35.21,--,9,31689,卖盘,2017-06-23,2017-06-23 10:57:21
10:57:33,10:57:33,35.21,--,39,137319,买盘,2017-06-23,2017-06-23 10:57:33
10:58:00,10:58:00,35.2,-0.01,23,80960,卖盘,2017-06-23,2017-06-23 10:58:00
10:58:06,10:58:06,35.2,--,4,14080,买盘,2017-06-23,2017-06-23 10:58:06
10:58:09,10:58:09,35.2,--,23,80960,买盘,2017-06-23,2017-06-23 10:58:09
10:58:21,10:58:21,35.2,--,3,10560,卖盘,2017-06-23,2017-06-23 10:58:21
10:58:24,10:58:24,35.21,0.01,50,176050,买盘,2017-06-23,2017-06-23 10:58:24
10:58:36,10:58:36,35.24,0.03,5,17620,买盘,2017-06-23,2017-06-23 10:58:36
10:58:48,10:58:48,35.24,--,38,133912,买盘,2017-06-23,2017-06-23 10:58:48
10:59:09,10:59:09,35.24,--,10,35240,卖盘,2017-06-23,2017-06-23 10:59:09
10:59:45,10:59:45,35.3,0.06,114,402419,买盘,2017-06-23,2017-06-23 10:59:45
11:00:06,11:00:06,35.35,0.05,1,4277,买盘,2017-06-23,2017-06-23 11:00:06
11:00:42,11:00:42,35.36,0.01,24,84864,买盘,2017-06-23,2017-06-23 11:00:42
11:01:12,11:01:12,35.36,--,4,14144,买盘,2017-06-23,2017-06-23 11:01:12
11:01:48,11:01:48,35.4,0.04,50,177000,买盘,2017-06-23,2017-06-23 11:01:48
11:02:06,11:02:06,35.4,--,31,109740,买盘,2017-06-23,2017-06-23 11:02:06
11:02:21,11:02:21,35.4,--,29,102660,卖盘,2017-06-23,2017-06-23 11:02:21
11:02:30,11:02:30,35.4,--,71,251340,买盘,2017-06-23,2017-06-23 11:02:30
11:02:57,11:02:57,35.4,--,19,67260,卖盘,2017-06-23,2017-06-23 11:02:57
11:04:03,11:04:03,35.43,0.03,1,3543,中性盘,2017-06-23,2017-06-23 11:04:03
11:04:15,11:04:15,35.41,-0.02,70,247869,卖盘,2017-06-23,2017-06-23 11:04:15
11:04:39,11:04:39,35.41,--,50,177049,卖盘,2017-06-23,2017-06-23 11:04:39
11:04:48,11:04:48,35.44,0.03,8,28352,买盘,2017-06-23,2017-06-23 11:04:48
11:05:21,11:05:21,35.41,-0.03,10,35410,卖盘,2017-06-23,2017-06-23 11:05:21
11:05:30,11:05:30,35.41,--,2,7081,买盘,2017-06-23,2017-06-23 11:05:30
11:06:21,11:06:21,35.35,-0.06,13,48747,卖盘,2017-06-23,2017-06-23 11:06:21
11:06:51,11:06:51,35.3,-0.05,11,38830,卖盘,2017-06-23,2017-06-23 11:06:51
11:06:57,11:06:57,35.3,--,3,10590,买盘,2017-06-23,2017-06-23 11:06:57
11:07:12,11:07:12,35.3,--,17,60009,买盘,2017-06-23,2017-06-23 11:07:12
11:08:39,11:08:39,35.31,0.01,5,17655,中性盘,2017-06-23,2017-06-23 11:08:39
11:09:06,11:09:06,35.32,0.01,7,24724,中性盘,2017-06-23,2017-06-23 11:09:06
11:10:48,11:10:48,35.32,--,12,42384,卖盘,2017-06-23,2017-06-23 11:10:48
11:11:42,11:11:42,35.32,--,21,74172,卖盘,2017-06-23,2017-06-23 11:11:42
11:12:18,11:12:18,35.32,--,1,3532,卖盘,2017-06-23,2017-06-23 11:12:18
11:12:30,11:12:30,35.31,-0.01,24,85485,卖盘,2017-06-23,2017-06-23 11:12:30
11:12:39,11:12:39,35.31,--,1,3531,卖盘,2017-06-23,2017-06-23 11:12:39
11:12:45,11:12:45,35.32,0.01,3,10596,买盘,2017-06-23,2017-06-23 11:12:45
11:13:24,11:13:24,35.38,0.06,118,417484,买盘,2017-06-23,2017-06-23 11:13:24
11:13:36,11:13:36,35.32,-0.06,5,17660,卖盘,2017-06-23,2017-06-23 11:13:36
11:14:45,11:14:45,35.33,0.01,5,17665,中性盘,2017-06-23,2017-06-23 11:14:45
11:15:12,11:15:12,35.31,-0.02,100,353100,卖盘,2017-06-23,2017-06-23 11:15:12
11:15:24,11:15:24,35.33,0.02,20,70660,卖盘,2017-06-23,2017-06-23 11:15:24
11:16:33,11:16:33,35.31,-0.02,28,98868,卖盘,2017-06-23,2017-06-23 11:16:33
11:16:54,11:16:54,35.33,0.02,91,321503,买盘,2017-06-23,2017-06-23 11:16:54
11:17:51,11:17:51,35.3,-0.03,0,2788,卖盘,2017-06-23,2017-06-23 11:17:51
11:18:27,11:18:27,35.3,--,10,35300,买盘,2017-06-23,2017-06-23 11:18:27
11:18:39,11:18:39,35.3,--,0,741,买盘,2017-06-23,2017-06-23 11:18:39
11:18:42,11:18:42,35.25,-0.05,10,35250,卖盘,2017-06-23,2017-06-23 11:18:42
11:19:06,11:19:06,35.25,--,0,2784,卖盘,2017-06-23,2017-06-23 11:19:06
11:19:36,11:19:36,35.24,-0.01,10,35240,卖盘,2017-06-23,2017-06-23 11:19:36
11:19:39,11:19:39,35.25,0.01,10,35250,买盘,2017-06-23,2017-06-23 11:19:39
11:19:57,11:19:57,35.23,-0.02,10,35230,卖盘,2017-06-23,2017-06-23 11:19:57
11:20:15,11:20:15,35.22,-0.01,90,316980,卖盘,2017-06-23,2017-06-23 11:20:15
11:20:18,11:20:18,35.25,0.03,11,38775,买盘,2017-06-23,2017-06-23 11:20:18
11:20:36,11:20:36,35.21,-0.04,100,352100,卖盘,2017-06-23,2017-06-23 11:20:36
11:20:42,11:20:42,35.21,--,1,3521,卖盘,2017-06-23,2017-06-23 11:20:42
11:20:57,11:20:57,35.2,-0.01,7,24640,卖盘,2017-06-23,2017-06-23 11:20:57
11:21:18,11:21:18,35.16,-0.04,60,210959,卖盘,2017-06-23,2017-06-23 11:21:18
11:21:30,11:21:30,35.14,-0.02,46,161644,卖盘,2017-06-23,2017-06-23 11:21:30
11:21:36,11:21:36,35.14,--,3,10542,买盘,2017-06-23,2017-06-23 11:21:36
11:22:06,11:22:06,35.17,0.03,1,3517,中性盘,2017-06-23,2017-06-23 11:22:06
11:22:09,11:22:09,35.17,--,13,45721,买盘,2017-06-23,2017-06-23 11:22:09
11:22:24,11:22:24,35.16,-0.01,6,21095,卖盘,2017-06-23,2017-06-23 11:22:24
11:22:54,11:22:54,35.16,--,5,17580,卖盘,2017-06-23,2017-06-23 11:22:54
11:23:06,11:23:06,35.17,0.01,30,105510,买盘,2017-06-23,2017-06-23 11:23:06
11:23:18,11:23:18,35.16,-0.01,22,77351,卖盘,2017-06-23,2017-06-23 11:23:18
11:23:33,11:23:33,35.16,--,7,24611,卖盘,2017-06-23,2017-06-23 11:23:33
11:23:57,11:23:57,35.15,-0.01,9,31635,卖盘,2017-06-23,2017-06-23 11:23:57
11:24:12,11:24:12,35.16,0.01,2,7031,买盘,2017-06-23,2017-06-23 11:24:12
11:24:15,11:24:15,35.15,-0.01,15,52725,卖盘,2017-06-23,2017-06-23 11:24:15
11:24:24,11:24:24,35.15,--,6,21090,卖盘,2017-06-23,2017-06-23 11:24:24
11:24:30,11:24:30,35.16,0.01,126,445125,买盘,2017-06-23,2017-06-23 11:24:30
11:24:45,11:24:45,35.15,-0.01,1,3515,中性盘,2017-06-23,2017-06-23 11:24:45
11:25:03,11:25:03,35.15,--,6,21090,卖盘,2017-06-23,2017-06-23 11:25:03
11:25:09,11:25:09,35.15,--,3,10545,卖盘,2017-06-23,2017-06-23 11:25:09
11:25:45,11:25:45,35.1,-0.05,38,134784,卖盘,2017-06-23,2017-06-23 11:25:45
11:26:24,11:26:24,35.06,-0.04,12,42072,卖盘,2017-06-23,2017-06-23 11:26:24
11:26:30,11:26:30,35.06,--,8,28048,卖盘,2017-06-23,2017-06-23 11:26:30
11:26:45,11:26:45,35.04,-0.02,265,928560,卖盘,2017-06-23,2017-06-23 11:26:45
11:27:00,11:27:00,35.04,--,10,37562,买盘,2017-06-23,2017-06-23 11:27:00
11:27:06,11:27:06,35.0,-0.04,100,350000,卖盘,2017-06-23,2017-06-23 11:27:06
11:27:15,11:27:15,35.0,--,17,61775,卖盘,2017-06-23,2017-06-23 11:27:15
11:27:18,11:27:18,35.0,--,4,16205,卖盘,2017-06-23,2017-06-23 11:27:18
11:27:30,11:27:30,34.91,-0.09,2,10228,卖盘,2017-06-23,2017-06-23 11:27:30
11:27:42,11:27:42,34.91,--,41,143375,卖盘,2017-06-23,2017-06-23 11:27:42
11:27:45,11:27:45,34.89,-0.02,16,57359,卖盘,2017-06-23,2017-06-23 11:27:45
11:27:54,11:27:54,34.91,0.02,4,17210,买盘,2017-06-23,2017-06-23 11:27:54
11:27:57,11:27:57,34.99,0.08,5,17495,买盘,2017-06-23,2017-06-23 11:27:57
11:28:00,11:28:00,34.91,-0.08,13,47966,卖盘,2017-06-23,2017-06-23 11:28:00
11:28:03,11:28:03,34.91,--,1,4643,卖盘,2017-06-23,2017-06-23 11:28:03
11:28:12,11:28:12,35.0,0.09,5,17500,买盘,2017-06-23,2017-06-23 11:28:12
11:28:15,11:28:15,34.91,-0.09,25,89264,卖盘,2017-06-23,2017-06-23 11:28:15
11:28:18,11:28:18,34.91,--,2,6981,卖盘,2017-06-23,2017-06-23 11:28:18
11:28:27,11:28:27,34.91,--,2,6981,卖盘,2017-06-23,2017-06-23 11:28:27
11:28:30,11:28:30,34.91,--,2,8099,卖盘,2017-06-23,2017-06-23 11:28:30
11:28:39,11:28:39,34.99,0.08,13,45487,买盘,2017-06-23,2017-06-23 11:28:39
11:28:42,11:28:42,35.0,0.01,162,567140,买盘,2017-06-23,2017-06-23 11:28:42
11:28:45,11:28:45,35.0,--,31,108500,卖盘,2017-06-23,2017-06-23 11:28:45
11:28:54,11:28:54,35.0,--,10,35000,卖盘,2017-06-23,2017-06-23 11:28:54
11:28:57,11:28:57,35.0,--,682,2387000,卖盘,2017-06-23,2017-06-23 11:28:57
11:29:00,11:29:00,34.99,-0.01,169,594690,卖盘,2017-06-23,2017-06-23 11:29:00
11:29:18,11:29:18,34.98,-0.01,2,6995,卖盘,2017-06-23,2017-06-23 11:29:18
11:29:36,11:29:36,34.92,-0.06,8,27936,中性盘,2017-06-23,2017-06-23 11:29:36
11:29:45,11:29:45,34.92,--,10,36491,卖盘,2017-06-23,2017-06-23 11:29:45
11:29:51,11:29:51,34.97,0.05,2,6994,中性盘,2017-06-23,2017-06-23 11:29:51
11:29:54,11:29:54,34.98,0.01,59,206381,买盘,2017-06-23,2017-06-23 11:29:54
11:30:00,11:30:00,34.98,--,9,32461,卖盘,2017-06-23,2017-06-23 11:30:00
11:30:03,11:30:03,34.98,--,0,0,卖盘,2017-06-23,2017-06-23 11:30:03
13:00:03,13:00:03,34.98,--,0,0,卖盘,2017-06-23,2017-06-23 13:00:03
13:00:06,13:00:06,34.98,--,126,443266,卖盘,2017-06-23,2017-06-23 13:00:06
13:00:09,13:00:09,34.98,--,10,34980,买盘,2017-06-23,2017-06-23 13:00:09
13:00:12,13:00:12,34.98,--,31,108437,买盘,2017-06-23,2017-06-23 13:00:12
13:00:15,13:00:15,34.91,-0.07,41,146377,卖盘,2017-06-23,2017-06-23 13:00:15
13:00:18,13:00:18,34.98,0.07,6,20987,买盘,2017-06-23,2017-06-23 13:00:18
13:00:30,13:00:30,34.91,-0.07,53,185930,卖盘,2017-06-23,2017-06-23 13:00:30
13:00:45,13:00:45,34.92,0.01,47,166079,中性盘,2017-06-23,2017-06-23 13:00:45
13:00:54,13:00:54,34.98,0.06,20,69960,买盘,2017-06-23,2017-06-23 13:00:54
13:01:00,13:01:00,34.91,-0.07,2,9216,卖盘,2017-06-23,2017-06-23 13:01:00
13:01:12,13:01:12,34.92,0.01,41,143172,中性盘,2017-06-23,2017-06-23 13:01:12
13:01:15,13:01:15,34.91,-0.01,39,139186,卖盘,2017-06-23,2017-06-23 13:01:15
13:01:18,13:01:18,34.98,0.07,3,10493,买盘,2017-06-23,2017-06-23 13:01:18
13:01:30,13:01:30,34.91,-0.07,22,79210,卖盘,2017-06-23,2017-06-23 13:01:30
13:01:36,13:01:36,34.91,--,11,40879,卖盘,2017-06-23,2017-06-23 13:01:36
13:01:39,13:01:39,34.98,0.07,33,115433,买盘,2017-06-23,2017-06-23 13:01:39
13:01:45,13:01:45,34.89,-0.09,6,23446,卖盘,2017-06-23,2017-06-23 13:01:45
13:02:00,13:02:00,34.9,0.01,90,315740,中性盘,2017-06-23,2017-06-23 13:02:00
13:02:15,13:02:15,34.98,0.08,13,45473,买盘,2017-06-23,2017-06-23 13:02:15
13:02:18,13:02:18,34.95,-0.03,46,160770,卖盘,2017-06-23,2017-06-23 13:02:18
13:02:30,13:02:30,34.95,--,17,59415,买盘,2017-06-23,2017-06-23 13:02:30
13:02:45,13:02:45,34.98,0.03,5,17490,买盘,2017-06-23,2017-06-23 13:02:45
13:02:48,13:02:48,35.16,0.18,145,511929,买盘,2017-06-23,2017-06-23 13:02:48
13:02:51,13:02:51,35.16,--,14,50243,卖盘,2017-06-23,2017-06-23 13:02:51
13:03:03,13:03:03,35.16,--,15,52739,卖盘,2017-06-23,2017-06-23 13:03:03
13:03:18,13:03:18,35.18,0.02,10,35180,中性盘,2017-06-23,2017-06-23 13:03:18
13:05:42,13:05:42,34.99,-0.19,9,31491,中性盘,2017-06-23,2017-06-23 13:05:42
13:05:51,13:05:51,34.99,--,3,10497,买盘,2017-06-23,2017-06-23 13:05:51
13:05:57,13:05:57,35.0,0.01,300,1050000,买盘,2017-06-23,2017-06-23 13:05:57
13:06:00,13:06:00,34.98,-0.02,18,62963,卖盘,2017-06-23,2017-06-23 13:06:00
13:06:06,13:06:06,35.0,0.02,10,35000,买盘,2017-06-23,2017-06-23 13:06:06
13:06:18,13:06:18,35.0,--,5,17500,卖盘,2017-06-23,2017-06-23 13:06:18
13:06:33,13:06:33,35.0,--,15,52500,卖盘,2017-06-23,2017-06-23 13:06:33
13:07:00,13:07:00,35.1,0.1,10,35100,中性盘,2017-06-23,2017-06-23 13:07:00
13:07:12,13:07:12,35.1,--,5,17550,卖盘,2017-06-23,2017-06-23 13:07:12
13:07:45,13:07:45,35.15,0.05,2,7030,中性盘,2017-06-23,2017-06-23 13:07:45
13:07:48,13:07:48,35.15,--,10,35150,卖盘,2017-06-23,2017-06-23 13:07:48
13:07:51,13:07:51,35.16,0.01,29,101963,买盘,2017-06-23,2017-06-23 13:07:51
13:07:54,13:07:54,35.15,-0.01,3,10545,卖盘,2017-06-23,2017-06-23 13:07:54
13:08:03,13:08:03,35.0,-0.15,100,350000,卖盘,2017-06-23,2017-06-23 13:08:03
13:08:18,13:08:18,35.18,0.18,124,436232,买盘,2017-06-23,2017-06-23 13:08:18
13:08:27,13:08:27,35.01,-0.17,4,14004,中性盘,2017-06-23,2017-06-23 13:08:27
13:08:30,13:08:30,35.18,0.17,104,365872,买盘,2017-06-23,2017-06-23 13:08:30
13:08:57,13:08:57,35.16,-0.02,2,7031,中性盘,2017-06-23,2017-06-23 13:08:57
13:09:03,13:09:03,35.01,-0.15,25,87525,卖盘,2017-06-23,2017-06-23 13:09:03
13:09:06,13:09:06,35.16,0.15,198,696167,买盘,2017-06-23,2017-06-23 13:09:06
13:09:09,13:09:09,35.2,0.04,147,517440,买盘,2017-06-23,2017-06-23 13:09:09
13:09:24,13:09:24,35.22,0.02,245,862890,买盘,2017-06-23,2017-06-23 13:09:24
13:09:30,13:09:30,35.22,--,5,17610,卖盘,2017-06-23,2017-06-23 13:09:30
13:09:36,13:09:36,35.22,--,20,70440,卖盘,2017-06-23,2017-06-23 13:09:36
13:09:39,13:09:39,35.25,0.03,30,105750,买盘,2017-06-23,2017-06-23 13:09:39
13:09:45,13:09:45,35.22,-0.03,10,35220,卖盘,2017-06-23,2017-06-23 13:09:45
13:09:54,13:09:54,35.16,-0.06,161,566076,卖盘,2017-06-23,2017-06-23 13:09:54
13:10:12,13:10:12,35.03,-0.13,35,122605,卖盘,2017-06-23,2017-06-23 13:10:12
13:10:15,13:10:15,35.03,--,40,140120,买盘,2017-06-23,2017-06-23 13:10:15
13:10:39,13:10:39,35.03,--,1,3503,卖盘,2017-06-23,2017-06-23 13:10:39
13:10:54,13:10:54,35.16,0.13,36,126575,买盘,2017-06-23,2017-06-23 13:10:54
13:11:15,13:11:15,35.16,--,5,17580,卖盘,2017-06-23,2017-06-23 13:11:15
13:11:30,13:11:30,35.16,--,1,3515,卖盘,2017-06-23,2017-06-23 13:11:30
13:12:18,13:12:18,35.08,-0.08,6,21048,中性盘,2017-06-23,2017-06-23 13:12:18
13:12:33,13:12:33,35.07,-0.01,9,31563,卖盘,2017-06-23,2017-06-23 13:12:33
13:12:36,13:12:36,35.07,--,1,3507,买盘,2017-06-23,2017-06-23 13:12:36
13:12:45,13:12:45,35.08,0.01,5,17540,卖盘,2017-06-23,2017-06-23 13:12:45
13:13:39,13:13:39,35.06,-0.02,36,126216,中性盘,2017-06-23,2017-06-23 13:13:39
13:13:48,13:13:48,35.12,0.06,24,84288,买盘,2017-06-23,2017-06-23 13:13:48
13:13:54,13:13:54,35.12,--,5,17560,卖盘,2017-06-23,2017-06-23 13:13:54
13:14:00,13:14:00,35.06,-0.06,20,70120,卖盘,2017-06-23,2017-06-23 13:14:00
13:14:24,13:14:24,35.06,--,1,3506,买盘,2017-06-23,2017-06-23 13:14:24
13:14:33,13:14:33,35.06,--,20,70120,买盘,2017-06-23,2017-06-23 13:14:33
13:14:48,13:14:48,35.06,--,90,315540,买盘,2017-06-23,2017-06-23 13:14:48
13:16:24,13:16:24,35.13,0.07,122,428586,中性盘,2017-06-23,2017-06-23 13:16:24
13:16:57,13:16:57,35.13,--,8,28104,买盘,2017-06-23,2017-06-23 13:16:57
13:17:00,13:17:00,35.13,--,4,14052,买盘,2017-06-23,2017-06-23 13:17:00
13:17:30,13:17:30,35.14,0.01,20,70280,买盘,2017-06-23,2017-06-23 13:17:30
13:17:33,13:17:33,35.13,-0.01,7,24591,卖盘,2017-06-23,2017-06-23 13:17:33
13:18:00,13:18:00,35.13,--,5,17565,卖盘,2017-06-23,2017-06-23 13:18:00
13:18:15,13:18:15,35.14,0.01,46,161644,买盘,2017-06-23,2017-06-23 13:18:15
13:18:24,13:18:24,35.14,--,40,140560,买盘,2017-06-23,2017-06-23 13:18:24
13:18:42,13:18:42,35.14,--,1,3514,买盘,2017-06-23,2017-06-23 13:18:42
13:19:42,13:19:42,35.1,-0.04,264,929799,中性盘,2017-06-23,2017-06-23 13:19:42
13:19:48,13:19:48,35.1,--,2,7371,卖盘,2017-06-23,2017-06-23 13:19:48
13:20:39,13:20:39,35.08,-0.02,1,3508,卖盘,2017-06-23,2017-06-23 13:20:39
13:20:42,13:20:42,35.07,-0.01,70,245490,卖盘,2017-06-23,2017-06-23 13:20:42
13:21:00,13:21:00,35.09,0.02,7,24563,买盘,2017-06-23,2017-06-23 13:21:00
13:21:57,13:21:57,35.07,-0.02,11,38577,卖盘,2017-06-23,2017-06-23 13:21:57
13:22:30,13:22:30,35.05,-0.02,50,175250,卖盘,2017-06-23,2017-06-23 13:22:30
13:23:06,13:23:06,35.05,--,6,21030,卖盘,2017-06-23,2017-06-23 13:23:06
13:23:09,13:23:09,35.03,-0.02,84,294252,卖盘,2017-06-23,2017-06-23 13:23:09
13:23:27,13:23:27,35.02,-0.01,105,367710,卖盘,2017-06-23,2017-06-23 13:23:27
13:23:30,13:23:30,35.02,--,1,3502,买盘,2017-06-23,2017-06-23 13:23:30
13:23:39,13:23:39,35.01,-0.01,2,7002,卖盘,2017-06-23,2017-06-23 13:23:39
13:23:45,13:23:45,35.01,--,36,126036,卖盘,2017-06-23,2017-06-23 13:23:45
13:24:03,13:24:03,35.0,-0.01,5,17500,卖盘,2017-06-23,2017-06-23 13:24:03
13:24:06,13:24:06,35.0,--,10,35000,卖盘,2017-06-23,2017-06-23 13:24:06
13:24:15,13:24:15,35.0,--,20,70000,卖盘,2017-06-23,2017-06-23 13:24:15
13:24:18,13:24:18,35.0,--,10,35000,卖盘,2017-06-23,2017-06-23 13:24:18
13:24:21,13:24:21,35.0,--,5,17500,卖盘,2017-06-23,2017-06-23 13:24:21
13:24:27,13:24:27,35.0,--,85,297500,买盘,2017-06-23,2017-06-23 13:24:27
13:24:30,13:24:30,34.99,-0.01,5,17495,卖盘,2017-06-23,2017-06-23 13:24:30
13:24:39,13:24:39,34.99,--,1,3499,卖盘,2017-06-23,2017-06-23 13:24:39
13:24:42,13:24:42,34.99,--,1,3499,买盘,2017-06-23,2017-06-23 13:24:42
13:24:48,13:24:48,34.98,-0.01,5,17490,卖盘,2017-06-23,2017-06-23 13:24:48
13:24:51,13:24:51,35.0,0.02,32,112000,买盘,2017-06-23,2017-06-23 13:24:51
13:25:18,13:25:18,35.0,--,30,105000,卖盘,2017-06-23,2017-06-23 13:25:18
13:25:39,13:25:39,35.01,0.01,31,108531,买盘,2017-06-23,2017-06-23 13:25:39
13:25:45,13:25:45,35.01,--,83,290583,买盘,2017-06-23,2017-06-23 13:25:45
13:25:48,13:25:48,35.01,--,150,525150,买盘,2017-06-23,2017-06-23 13:25:48
13:25:57,13:25:57,35.01,--,17,59517,买盘,2017-06-23,2017-06-23 13:25:57
13:26:00,13:26:00,35.0,-0.01,1,3500,卖盘,2017-06-23,2017-06-23 13:26:00
13:26:15,13:26:15,35.0,--,40,140000,卖盘,2017-06-23,2017-06-23 13:26:15
13:26:18,13:26:18,35.01,0.01,3,10503,买盘,2017-06-23,2017-06-23 13:26:18
13:26:21,13:26:21,35.0,-0.01,2,7000,卖盘,2017-06-23,2017-06-23 13:26:21
13:26:39,13:26:39,35.0,--,12,42000,买盘,2017-06-23,2017-06-23 13:26:39
13:28:12,13:28:12,35.0,--,10,35000,买盘,2017-06-23,2017-06-23 13:28:12
13:28:15,13:28:15,35.0,--,8,28000,买盘,2017-06-23,2017-06-23 13:28:15
13:28:57,13:28:57,35.01,0.01,13,45513,买盘,2017-06-23,2017-06-23 13:28:57
13:29:33,13:29:33,35.01,--,3,10503,卖盘,2017-06-23,2017-06-23 13:29:33
13:30:27,13:30:27,35.01,--,1,3501,买盘,2017-06-23,2017-06-23 13:30:27
13:30:39,13:30:39,35.0,-0.01,2,7000,卖盘,2017-06-23,2017-06-23 13:30:39
13:30:54,13:30:54,35.01,0.01,1,3501,买盘,2017-06-23,2017-06-23 13:30:54
13:31:03,13:31:03,35.0,-0.01,9,31500,卖盘,2017-06-23,2017-06-23 13:31:03
13:31:06,13:31:06,35.0,--,2,7000,卖盘,2017-06-23,2017-06-23 13:31:06
13:32:00,13:32:00,34.97,-0.03,10,34970,卖盘,2017-06-23,2017-06-23 13:32:00
13:32:09,13:32:09,34.99,0.02,4,13996,买盘,2017-06-23,2017-06-23 13:32:09
13:32:30,13:32:30,34.97,-0.02,26,90922,卖盘,2017-06-23,2017-06-23 13:32:30
13:32:45,13:32:45,34.96,-0.01,10,34960,卖盘,2017-06-23,2017-06-23 13:32:45
13:33:00,13:33:00,34.96,--,8,27968,卖盘,2017-06-23,2017-06-23 13:33:00
13:33:09,13:33:09,34.96,--,3,10488,卖盘,2017-06-23,2017-06-23 13:33:09
13:33:54,13:33:54,34.96,--,5,17480,卖盘,2017-06-23,2017-06-23 13:33:54
13:34:21,13:34:21,34.98,0.02,2,6995,买盘,2017-06-23,2017-06-23 13:34:21
13:34:36,13:34:36,34.98,--,3,10493,买盘,2017-06-23,2017-06-23 13:34:36
13:34:54,13:34:54,34.96,-0.02,3,10488,卖盘,2017-06-23,2017-06-23 13:34:54
13:34:57,13:34:57,34.98,0.02,2,6995,买盘,2017-06-23,2017-06-23 13:34:57
13:35:06,13:35:06,34.99,0.01,4,13996,买盘,2017-06-23,2017-06-23 13:35:06
13:35:12,13:35:12,34.99,--,5,17495,卖盘,2017-06-23,2017-06-23 13:35:12
13:35:24,13:35:24,35.0,0.01,12,42000,买盘,2017-06-23,2017-06-23 13:35:24
13:35:39,13:35:39,35.0,--,1,3500,买盘,2017-06-23,2017-06-23 13:35:39
13:35:42,13:35:42,34.99,-0.01,43,150457,卖盘,2017-06-23,2017-06-23 13:35:42
13:36:09,13:36:09,34.99,--,7,24493,买盘,2017-06-23,2017-06-23 13:36:09
13:36:15,13:36:15,34.96,-0.03,3,10488,卖盘,2017-06-23,2017-06-23 13:36:15
13:36:21,13:36:21,34.96,--,2,6992,卖盘,2017-06-23,2017-06-23 13:36:21
13:36:27,13:36:27,34.96,--,50,174800,卖盘,2017-06-23,2017-06-23 13:36:27
13:37:15,13:37:15,34.96,--,7,24472,卖盘,2017-06-23,2017-06-23 13:37:15
13:37:21,13:37:21,34.95,-0.01,12,41940,卖盘,2017-06-23,2017-06-23 13:37:21
13:37:51,13:37:51,34.95,--,15,52425,中性盘,2017-06-23,2017-06-23 13:37:51
13:37:57,13:37:57,34.95,--,4,13980,卖盘,2017-06-23,2017-06-23 13:37:57
13:38:12,13:38:12,34.95,--,12,41940,卖盘,2017-06-23,2017-06-23 13:38:12
13:38:54,13:38:54,34.9,-0.05,100,349000,卖盘,2017-06-23,2017-06-23 13:38:54
13:39:00,13:39:00,34.91,0.01,1,3490,中性盘,2017-06-23,2017-06-23 13:39:00
13:39:06,13:39:06,34.9,-0.01,21,73290,卖盘,2017-06-23,2017-06-23 13:39:06
13:39:18,13:39:18,34.91,0.01,9,31418,买盘,2017-06-23,2017-06-23 13:39:18
13:39:24,13:39:24,34.9,-0.01,5,17450,卖盘,2017-06-23,2017-06-23 13:39:24
13:39:42,13:39:42,34.91,0.01,7,24436,中性盘,2017-06-23,2017-06-23 13:39:42
13:39:57,13:39:57,34.91,--,1,3490,卖盘,2017-06-23,2017-06-23 13:39:57
13:40:03,13:40:03,34.91,--,17,59346,买盘,2017-06-23,2017-06-23 13:40:03
13:40:09,13:40:09,34.9,-0.01,10,34900,卖盘,2017-06-23,2017-06-23 13:40:09
13:40:15,13:40:15,34.91,0.01,4,13963,买盘,2017-06-23,2017-06-23 13:40:15
13:40:48,13:40:48,34.92,0.01,5,17460,中性盘,2017-06-23,2017-06-23 13:40:48
13:41:03,13:41:03,34.92,--,5,17460,卖盘,2017-06-23,2017-06-23 13:41:03
13:41:54,13:41:54,34.95,0.03,3,10485,买盘,2017-06-23,2017-06-23 13:41:54
13:42:00,13:42:00,34.95,--,1,3495,买盘,2017-06-23,2017-06-23 13:42:00
13:42:12,13:42:12,34.96,0.01,2,6992,买盘,2017-06-23,2017-06-23 13:42:12
13:42:48,13:42:48,34.96,--,2,6992,买盘,2017-06-23,2017-06-23 13:42:48
13:43:09,13:43:09,34.96,--,6,20976,买盘,2017-06-23,2017-06-23 13:43:09
13:43:21,13:43:21,34.96,--,3,10488,卖盘,2017-06-23,2017-06-23 13:43:21
13:44:09,13:44:09,34.97,0.01,2,6994,中性盘,2017-06-23,2017-06-23 13:44:09
13:44:12,13:44:12,34.96,-0.01,20,69920,卖盘,2017-06-23,2017-06-23 13:44:12
13:44:57,13:44:57,34.96,--,1,3496,卖盘,2017-06-23,2017-06-23 13:44:57
13:45:24,13:45:24,34.98,0.02,29,101441,买盘,2017-06-23,2017-06-23 13:45:24
13:45:45,13:45:45,34.99,0.01,5,17495,买盘,2017-06-23,2017-06-23 13:45:45
13:47:09,13:47:09,34.99,--,7,24493,卖盘,2017-06-23,2017-06-23 13:47:09
13:47:39,13:47:39,35.0,0.01,4,14000,买盘,2017-06-23,2017-06-23 13:47:39
13:47:48,13:47:48,34.99,-0.01,3,10497,卖盘,2017-06-23,2017-06-23 13:47:48
13:48:00,13:48:00,35.0,0.01,10,35000,买盘,2017-06-23,2017-06-23 13:48:00
13:48:21,13:48:21,35.0,--,6,21000,卖盘,2017-06-23,2017-06-23 13:48:21
13:48:33,13:48:33,35.03,0.03,13,45539,买盘,2017-06-23,2017-06-23 13:48:33
13:48:42,13:48:42,35.03,--,2,7006,卖盘,2017-06-23,2017-06-23 13:48:42
13:49:18,13:49:18,35.04,0.01,3,10512,中性盘,2017-06-23,2017-06-23 13:49:18
13:49:24,13:49:24,35.03,-0.01,10,35030,卖盘,2017-06-23,2017-06-23 13:49:24
13:49:51,13:49:51,35.05,0.02,36,126179,买盘,2017-06-23,2017-06-23 13:49:51
13:49:57,13:49:57,35.05,--,2,7009,卖盘,2017-06-23,2017-06-23 13:49:57
13:50:51,13:50:51,35.05,--,55,192774,卖盘,2017-06-23,2017-06-23 13:50:51
13:50:54,13:50:54,35.05,--,10,35050,卖盘,2017-06-23,2017-06-23 13:50:54
13:51:15,13:51:15,35.06,0.01,15,52590,买盘,2017-06-23,2017-06-23 13:51:15
13:51:36,13:51:36,35.06,--,40,140240,卖盘,2017-06-23,2017-06-23 13:51:36
13:51:54,13:51:54,35.1,0.04,350,1228500,买盘,2017-06-23,2017-06-23 13:51:54
13:52:15,13:52:15,35.1,--,2,7020,买盘,2017-06-23,2017-06-23 13:52:15
13:52:27,13:52:27,35.1,--,30,105300,买盘,2017-06-23,2017-06-23 13:52:27
13:52:33,13:52:33,35.13,0.03,50,175650,买盘,2017-06-23,2017-06-23 13:52:33
13:53:54,13:53:54,35.1,-0.03,2,7020,买盘,2017-06-23,2017-06-23 13:53:54
13:54:27,13:54:27,35.1,--,10,35100,卖盘,2017-06-23,2017-06-23 13:54:27
13:54:45,13:54:45,35.13,0.03,12,42156,买盘,2017-06-23,2017-06-23 13:54:45
13:54:54,13:54:54,35.1,-0.03,3,10530,卖盘,2017-06-23,2017-06-23 13:54:54
13:55:06,13:55:06,35.13,0.03,4,17213,买盘,2017-06-23,2017-06-23 13:55:06
13:55:09,13:55:09,35.13,--,5,17565,卖盘,2017-06-23,2017-06-23 13:55:09
13:55:15,13:55:15,35.13,--,8,28455,卖盘,2017-06-23,2017-06-23 13:55:15
13:55:42,13:55:42,35.13,--,15,55856,买盘,2017-06-23,2017-06-23 13:55:42
13:56:00,13:56:00,35.14,0.01,26,91364,买盘,2017-06-23,2017-06-23 13:56:00
13:56:09,13:56:09,35.14,--,8,28112,买盘,2017-06-23,2017-06-23 13:56:09
13:56:15,13:56:15,35.13,-0.01,5,17565,卖盘,2017-06-23,2017-06-23 13:56:15
13:56:57,13:56:57,35.14,0.01,2,7028,买盘,2017-06-23,2017-06-23 13:56:57
13:57:33,13:57:33,35.14,--,2,7028,买盘,2017-06-23,2017-06-23 13:57:33
13:57:57,13:57:57,35.14,--,20,70280,买盘,2017-06-23,2017-06-23 13:57:57
13:58:00,13:58:00,35.13,-0.01,1,3513,卖盘,2017-06-23,2017-06-23 13:58:00
13:59:00,13:59:00,35.14,0.01,31,108934,买盘,2017-06-23,2017-06-23 13:59:00
13:59:45,13:59:45,35.15,0.01,20,70300,买盘,2017-06-23,2017-06-23 13:59:45
14:00:30,14:00:30,35.18,0.03,20,70360,买盘,2017-06-23,2017-06-23 14:00:30
14:00:39,14:00:39,35.18,--,5,17590,买盘,2017-06-23,2017-06-23 14:00:39
14:00:54,14:00:54,35.19,0.01,3,10557,买盘,2017-06-23,2017-06-23 14:00:54
14:01:03,14:01:03,35.19,--,7,24633,买盘,2017-06-23,2017-06-23 14:01:03
14:01:21,14:01:21,35.19,--,11,38709,买盘,2017-06-23,2017-06-23 14:01:21
14:01:27,14:01:27,35.19,--,22,77418,买盘,2017-06-23,2017-06-23 14:01:27
14:01:39,14:01:39,35.2,0.01,19,66880,买盘,2017-06-23,2017-06-23 14:01:39
14:02:06,14:02:06,35.2,--,15,52800,买盘,2017-06-23,2017-06-23 14:02:06
14:02:15,14:02:15,35.19,-0.01,1,3519,卖盘,2017-06-23,2017-06-23 14:02:15
14:02:30,14:02:30,35.2,0.01,4,14080,买盘,2017-06-23,2017-06-23 14:02:30
14:02:33,14:02:33,35.2,--,6,21120,卖盘,2017-06-23,2017-06-23 14:02:33
14:02:36,14:02:36,35.19,-0.01,10,35190,卖盘,2017-06-23,2017-06-23 14:02:36
14:02:48,14:02:48,35.19,--,18,63341,卖盘,2017-06-23,2017-06-23 14:02:48
14:03:09,14:03:09,35.19,--,31,109089,买盘,2017-06-23,2017-06-23 14:03:09
14:03:39,14:03:39,35.18,-0.01,50,175900,卖盘,2017-06-23,2017-06-23 14:03:39
14:03:42,14:03:42,35.18,--,29,102022,卖盘,2017-06-23,2017-06-23 14:03:42
14:04:12,14:04:12,35.16,-0.02,24,84383,卖盘,2017-06-23,2017-06-23 14:04:12
14:04:18,14:04:18,35.16,--,20,70320,卖盘,2017-06-23,2017-06-23 14:04:18
14:04:33,14:04:33,35.16,--,9,31643,卖盘,2017-06-23,2017-06-23 14:04:33
14:04:36,14:04:36,35.16,--,6,21095,卖盘,2017-06-23,2017-06-23 14:04:36
14:04:39,14:04:39,35.16,--,55,193379,卖盘,2017-06-23,2017-06-23 14:04:39
14:05:09,14:05:09,35.16,--,35,123059,卖盘,2017-06-23,2017-06-23 14:05:09
14:05:33,14:05:33,35.17,0.01,11,38687,买盘,2017-06-23,2017-06-23 14:05:33
14:06:03,14:06:03,35.16,-0.01,20,70320,卖盘,2017-06-23,2017-06-23 14:06:03
14:06:42,14:06:42,35.16,--,16,56255,卖盘,2017-06-23,2017-06-23 14:06:42
14:07:39,14:07:39,35.17,0.01,5,17585,买盘,2017-06-23,2017-06-23 14:07:39
14:07:45,14:07:45,35.18,0.01,124,436232,买盘,2017-06-23,2017-06-23 14:07:45
14:07:48,14:07:48,35.16,-0.02,20,70320,卖盘,2017-06-23,2017-06-23 14:07:48
14:08:09,14:08:09,35.16,--,20,70320,卖盘,2017-06-23,2017-06-23 14:08:09
14:08:39,14:08:39,35.17,0.01,10,35170,中性盘,2017-06-23,2017-06-23 14:08:39
14:09:48,14:09:48,35.17,--,2,7034,卖盘,2017-06-23,2017-06-23 14:09:48
14:10:06,14:10:06,35.18,0.01,1,3518,中性盘,2017-06-23,2017-06-23 14:10:06
14:10:12,14:10:12,35.18,--,4,14072,买盘,2017-06-23,2017-06-23 14:10:12
14:10:30,14:10:30,35.17,-0.01,50,175850,卖盘,2017-06-23,2017-06-23 14:10:30
14:10:33,14:10:33,35.17,--,23,80891,卖盘,2017-06-23,2017-06-23 14:10:33
14:10:42,14:10:42,35.17,--,39,137163,卖盘,2017-06-23,2017-06-23 14:10:42
14:10:57,14:10:57,35.16,-0.01,20,70320,卖盘,2017-06-23,2017-06-23 14:10:57
14:11:06,14:11:06,35.16,--,5,17580,卖盘,2017-06-23,2017-06-23 14:11:06
14:11:39,14:11:39,35.16,--,35,123059,卖盘,2017-06-23,2017-06-23 14:11:39
14:12:18,14:12:18,35.16,--,15,52739,卖盘,2017-06-23,2017-06-23 14:12:18
14:12:27,14:12:27,35.16,--,1,3515,卖盘,2017-06-23,2017-06-23 14:12:27
14:12:30,14:12:30,35.16,--,13,45707,卖盘,2017-06-23,2017-06-23 14:12:30
14:12:39,14:12:39,35.16,--,10,35160,卖盘,2017-06-23,2017-06-23 14:12:39
14:12:48,14:12:48,35.16,--,2,7031,卖盘,2017-06-23,2017-06-23 14:12:48
14:12:51,14:12:51,35.16,--,9,31643,卖盘,2017-06-23,2017-06-23 14:12:51
14:13:03,14:13:03,35.16,--,8,28127,卖盘,2017-06-23,2017-06-23 14:13:03
14:13:09,14:13:09,35.16,--,2,7031,卖盘,2017-06-23,2017-06-23 14:13:09
14:13:27,14:13:27,35.16,--,5,17580,卖盘,2017-06-23,2017-06-23 14:13:27
14:13:33,14:13:33,35.16,--,13,45707,卖盘,2017-06-23,2017-06-23 14:13:33
14:13:42,14:13:42,35.16,--,7,24611,卖盘,2017-06-23,2017-06-23 14:13:42
14:13:48,14:13:48,35.17,0.01,26,91442,买盘,2017-06-23,2017-06-23 14:13:48
14:15:24,14:15:24,35.18,0.01,1,3518,买盘,2017-06-23,2017-06-23 14:15:24
14:15:45,14:15:45,35.17,-0.01,10,35170,卖盘,2017-06-23,2017-06-23 14:15:45
14:15:48,14:15:48,35.17,--,10,35170,卖盘,2017-06-23,2017-06-23 14:15:48
14:16:09,14:16:09,35.18,0.01,1,3518,买盘,2017-06-23,2017-06-23 14:16:09
14:16:30,14:16:30,35.18,--,9,31662,买盘,2017-06-23,2017-06-23 14:16:30
14:16:51,14:16:51,35.17,-0.01,113,397421,卖盘,2017-06-23,2017-06-23 14:16:51
14:16:54,14:16:54,35.18,0.01,3,10554,卖盘,2017-06-23,2017-06-23 14:16:54
14:17:39,14:17:39,35.19,0.01,5,17595,买盘,2017-06-23,2017-06-23 14:17:39
14:17:48,14:17:48,35.19,--,4,14076,卖盘,2017-06-23,2017-06-23 14:17:48
14:17:51,14:17:51,35.2,0.01,26,91520,买盘,2017-06-23,2017-06-23 14:17:51
14:17:57,14:17:57,35.25,0.05,300,1057500,买盘,2017-06-23,2017-06-23 14:17:57
14:18:21,14:18:21,35.2,-0.05,5,17600,中性盘,2017-06-23,2017-06-23 14:18:21
14:18:24,14:18:24,35.2,--,5,17600,买盘,2017-06-23,2017-06-23 14:18:24
14:18:36,14:18:36,35.25,0.05,8,28200,买盘,2017-06-23,2017-06-23 14:18:36
14:18:42,14:18:42,35.25,--,4,14100,买盘,2017-06-23,2017-06-23 14:18:42
14:19:06,14:19:06,35.25,--,3,10575,买盘,2017-06-23,2017-06-23 14:19:06
14:19:09,14:19:09,35.2,-0.05,5,17600,卖盘,2017-06-23,2017-06-23 14:19:09
14:19:48,14:19:48,35.25,0.05,47,165675,买盘,2017-06-23,2017-06-23 14:19:48
14:20:00,14:20:00,35.25,--,27,96162,买盘,2017-06-23,2017-06-23 14:20:00
14:20:24,14:20:24,35.25,--,7,24675,卖盘,2017-06-23,2017-06-23 14:20:24
14:20:30,14:20:30,35.25,--,1,3525,卖盘,2017-06-23,2017-06-23 14:20:30
14:20:36,14:20:36,35.26,0.01,23,81098,买盘,2017-06-23,2017-06-23 14:20:36
14:20:39,14:20:39,35.25,-0.01,15,52875,卖盘,2017-06-23,2017-06-23 14:20:39
14:21:00,14:21:00,35.27,0.02,13,45851,买盘,2017-06-23,2017-06-23 14:21:00
14:21:09,14:21:09,35.27,--,10,35270,卖盘,2017-06-23,2017-06-23 14:21:09
14:21:24,14:21:24,35.25,-0.02,17,59925,卖盘,2017-06-23,2017-06-23 14:21:24
14:21:36,14:21:36,35.27,0.02,20,70540,买盘,2017-06-23,2017-06-23 14:21:36
14:21:51,14:21:51,35.27,--,17,59959,买盘,2017-06-23,2017-06-23 14:21:51
14:22:15,14:22:15,35.28,0.01,2,7056,买盘,2017-06-23,2017-06-23 14:22:15
14:22:45,14:22:45,35.28,--,19,67032,买盘,2017-06-23,2017-06-23 14:22:45
14:23:00,14:23:00,35.32,0.04,390,1379316,买盘,2017-06-23,2017-06-23 14:23:00
14:23:06,14:23:06,35.32,--,10,35320,卖盘,2017-06-23,2017-06-23 14:23:06
14:23:21,14:23:21,35.33,0.01,16,56528,买盘,2017-06-23,2017-06-23 14:23:21
14:23:24,14:23:24,35.33,--,4,14132,买盘,2017-06-23,2017-06-23 14:23:24
14:23:27,14:23:27,35.32,-0.01,10,35320,卖盘,2017-06-23,2017-06-23 14:23:27
14:23:51,14:23:51,35.34,0.02,10,35340,买盘,2017-06-23,2017-06-23 14:23:51
14:24:03,14:24:03,35.38,0.04,33,116754,买盘,2017-06-23,2017-06-23 14:24:03
14:24:21,14:24:21,35.37,-0.01,2,7073,卖盘,2017-06-23,2017-06-23 14:24:21
14:24:24,14:24:24,35.32,-0.05,174,614568,卖盘,2017-06-23,2017-06-23 14:24:24
14:24:30,14:24:30,35.32,--,1,3532,买盘,2017-06-23,2017-06-23 14:24:30
14:24:33,14:24:33,35.29,-0.03,5,17645,卖盘,2017-06-23,2017-06-23 14:24:33
14:24:36,14:24:36,35.32,0.03,24,84768,买盘,2017-06-23,2017-06-23 14:24:36
14:24:42,14:24:42,35.38,0.06,29,102602,买盘,2017-06-23,2017-06-23 14:24:42
14:25:03,14:25:03,35.32,-0.06,23,81236,中性盘,2017-06-23,2017-06-23 14:25:03
14:25:21,14:25:21,35.29,-0.03,3,10587,卖盘,2017-06-23,2017-06-23 14:25:21
14:25:24,14:25:24,35.32,0.03,2,7064,买盘,2017-06-23,2017-06-23 14:25:24
14:25:33,14:25:33,35.33,0.01,8,28264,卖盘,2017-06-23,2017-06-23 14:25:33
14:25:39,14:25:39,35.29,-0.04,1,3529,卖盘,2017-06-23,2017-06-23 14:25:39
14:25:45,14:25:45,35.36,0.07,27,95472,买盘,2017-06-23,2017-06-23 14:25:45
14:25:48,14:25:48,35.36,--,3,10608,卖盘,2017-06-23,2017-06-23 14:25:48
14:25:54,14:25:54,35.35,-0.01,2,7070,卖盘,2017-06-23,2017-06-23 14:25:54
14:26:00,14:26:00,35.36,0.01,31,109616,买盘,2017-06-23,2017-06-23 14:26:00
14:26:15,14:26:15,35.36,--,87,307632,买盘,2017-06-23,2017-06-23 14:26:15
14:26:27,14:26:27,35.36,--,2,7072,卖盘,2017-06-23,2017-06-23 14:26:27
14:26:30,14:26:30,35.37,0.01,28,99036,买盘,2017-06-23,2017-06-23 14:26:30
14:26:42,14:26:42,35.29,-0.08,14,49406,卖盘,2017-06-23,2017-06-23 14:26:42
14:26:48,14:26:48,35.37,0.08,19,67203,买盘,2017-06-23,2017-06-23 14:26:48
14:26:57,14:26:57,35.29,-0.08,10,35290,卖盘,2017-06-23,2017-06-23 14:26:57
14:27:00,14:27:00,35.36,0.07,31,109616,买盘,2017-06-23,2017-06-23 14:27:00
14:27:12,14:27:12,35.3,-0.06,31,109429,中性盘,2017-06-23,2017-06-23 14:27:12
14:27:21,14:27:21,35.3,--,9,31769,卖盘,2017-06-23,2017-06-23 14:27:21
14:27:24,14:27:24,35.3,--,8,28239,卖盘,2017-06-23,2017-06-23 14:27:24
14:27:30,14:27:30,35.36,0.06,28,99008,买盘,2017-06-23,2017-06-23 14:27:30
14:27:42,14:27:42,35.28,-0.08,20,70560,卖盘,2017-06-23,2017-06-23 14:27:42
14:28:00,14:28:00,35.36,0.08,26,91936,买盘,2017-06-23,2017-06-23 14:28:00
14:28:09,14:28:09,35.36,--,8,28288,卖盘,2017-06-23,2017-06-23 14:28:09
14:28:24,14:28:24,35.28,-0.08,1,3528,卖盘,2017-06-23,2017-06-23 14:28:24
14:28:30,14:28:30,35.35,0.07,31,109585,中性盘,2017-06-23,2017-06-23 14:28:30
14:28:33,14:28:33,35.36,0.01,17,60112,卖盘,2017-06-23,2017-06-23 14:28:33
14:29:00,14:29:00,35.35,-0.01,12,42420,中性盘,2017-06-23,2017-06-23 14:29:00
14:29:18,14:29:18,35.35,--,10,35350,卖盘,2017-06-23,2017-06-23 14:29:18
14:29:24,14:29:24,35.35,--,10,35350,卖盘,2017-06-23,2017-06-23 14:29:24
14:29:30,14:29:30,35.36,0.01,28,99008,买盘,2017-06-23,2017-06-23 14:29:30
14:29:39,14:29:39,35.35,-0.01,33,116655,卖盘,2017-06-23,2017-06-23 14:29:39
14:30:00,14:30:00,35.36,0.01,12,42432,中性盘,2017-06-23,2017-06-23 14:30:00
14:30:18,14:30:18,35.36,--,2,7072,卖盘,2017-06-23,2017-06-23 14:30:18
14:30:30,14:30:30,35.37,0.01,28,99036,买盘,2017-06-23,2017-06-23 14:30:30
14:30:33,14:30:33,35.36,-0.01,10,35360,卖盘,2017-06-23,2017-06-23 14:30:33
14:30:39,14:30:39,35.37,0.01,10,35370,买盘,2017-06-23,2017-06-23 14:30:39
14:30:42,14:30:42,35.36,-0.01,6,21216,卖盘,2017-06-23,2017-06-23 14:30:42
14:30:45,14:30:45,35.37,0.01,21,74277,买盘,2017-06-23,2017-06-23 14:30:45
14:30:51,14:30:51,35.37,--,2,7073,卖盘,2017-06-23,2017-06-23 14:30:51
14:31:00,14:31:00,35.37,--,41,145017,卖盘,2017-06-23,2017-06-23 14:31:00
14:31:15,14:31:15,35.37,--,80,282960,卖盘,2017-06-23,2017-06-23 14:31:15
14:31:30,14:31:30,35.38,0.01,8,28304,买盘,2017-06-23,2017-06-23 14:31:30
14:31:45,14:31:45,35.37,-0.01,37,130868,卖盘,2017-06-23,2017-06-23 14:31:45
14:32:00,14:32:00,35.37,--,31,109646,买盘,2017-06-23,2017-06-23 14:32:00
14:32:21,14:32:21,35.37,--,7,24759,买盘,2017-06-23,2017-06-23 14:32:21
14:32:24,14:32:24,35.37,--,2,7073,买盘,2017-06-23,2017-06-23 14:32:24
14:32:30,14:32:30,35.37,--,24,84888,买盘,2017-06-23,2017-06-23 14:32:30
14:32:48,14:32:48,35.37,--,9,31832,卖盘,2017-06-23,2017-06-23 14:32:48
14:32:51,14:32:51,35.37,--,10,35370,买盘,2017-06-23,2017-06-23 14:32:51
14:33:00,14:33:00,35.37,--,1,3536,买盘,2017-06-23,2017-06-23 14:33:00
14:33:09,14:33:09,35.37,--,2,7073,卖盘,2017-06-23,2017-06-23 14:33:09
14:33:18,14:33:18,35.37,--,2,7073,卖盘,2017-06-23,2017-06-23 14:33:18
14:33:21,14:33:21,35.37,--,6,21222,卖盘,2017-06-23,2017-06-23 14:33:21
14:33:24,14:33:24,35.37,--,19,67203,卖盘,2017-06-23,2017-06-23 14:33:24
14:33:30,14:33:30,35.37,--,31,109646,买盘,2017-06-23,2017-06-23 14:33:30
14:33:42,14:33:42,35.35,-0.02,10,35350,卖盘,2017-06-23,2017-06-23 14:33:42
14:33:57,14:33:57,35.35,--,21,74235,卖盘,2017-06-23,2017-06-23 14:33:57
14:34:00,14:34:00,35.37,0.02,20,70740,买盘,2017-06-23,2017-06-23 14:34:00
14:34:06,14:34:06,35.37,--,1,3536,卖盘,2017-06-23,2017-06-23 14:34:06
14:34:09,14:34:09,35.38,0.01,13,45994,买盘,2017-06-23,2017-06-23 14:34:09
14:34:15,14:34:15,35.38,--,10,35380,卖盘,2017-06-23,2017-06-23 14:34:15
14:34:24,14:34:24,35.38,--,10,35380,卖盘,2017-06-23,2017-06-23 14:34:24
14:34:27,14:34:27,35.38,--,2,7076,卖盘,2017-06-23,2017-06-23 14:34:27
14:34:30,14:34:30,35.39,0.01,14,49546,买盘,2017-06-23,2017-06-23 14:34:30
14:34:39,14:34:39,35.44,0.05,46,163024,买盘,2017-06-23,2017-06-23 14:34:39
14:34:45,14:34:45,35.48,0.04,50,177399,买盘,2017-06-23,2017-06-23 14:34:45
14:34:48,14:34:48,35.44,-0.04,4,14176,卖盘,2017-06-23,2017-06-23 14:34:48
14:35:00,14:35:00,35.44,--,6,21264,买盘,2017-06-23,2017-06-23 14:35:00
14:35:12,14:35:12,35.49,0.05,71,251979,买盘,2017-06-23,2017-06-23 14:35:12
14:35:15,14:35:15,35.49,--,4,14196,卖盘,2017-06-23,2017-06-23 14:35:15
14:35:21,14:35:21,35.5,0.01,46,163300,买盘,2017-06-23,2017-06-23 14:35:21
14:35:27,14:35:27,35.49,-0.01,47,166803,卖盘,2017-06-23,2017-06-23 14:35:27
14:35:30,14:35:30,35.49,--,30,106470,卖盘,2017-06-23,2017-06-23 14:35:30
14:35:33,14:35:33,35.5,0.01,4,14200,买盘,2017-06-23,2017-06-23 14:35:33
14:35:45,14:35:45,35.52,0.02,500,1776000,买盘,2017-06-23,2017-06-23 14:35:45
14:35:48,14:35:48,35.52,--,20,71040,买盘,2017-06-23,2017-06-23 14:35:48
14:35:54,14:35:54,35.52,--,7,24864,买盘,2017-06-23,2017-06-23 14:35:54
14:35:57,14:35:57,35.53,0.01,5,17765,买盘,2017-06-23,2017-06-23 14:35:57
14:36:00,14:36:00,35.53,--,23,81719,买盘,2017-06-23,2017-06-23 14:36:00
14:36:09,14:36:09,35.52,-0.01,50,177600,卖盘,2017-06-23,2017-06-23 14:36:09
14:36:21,14:36:21,35.53,0.01,3,10659,买盘,2017-06-23,2017-06-23 14:36:21
14:36:24,14:36:24,35.52,-0.01,1,3552,卖盘,2017-06-23,2017-06-23 14:36:24
14:36:27,14:36:27,35.5,-0.02,69,244950,卖盘,2017-06-23,2017-06-23 14:36:27
14:36:30,14:36:30,35.53,0.03,35,124355,买盘,2017-06-23,2017-06-23 14:36:30
14:36:33,14:36:33,35.53,--,26,92378,中性盘,2017-06-23,2017-06-23 14:36:33
14:36:36,14:36:36,35.49,-0.04,130,461370,卖盘,2017-06-23,2017-06-23 14:36:36
14:37:00,14:37:00,35.53,0.04,1,3553,中性盘,2017-06-23,2017-06-23 14:37:00
14:37:09,14:37:09,35.53,--,26,92378,卖盘,2017-06-23,2017-06-23 14:37:09
14:37:12,14:37:12,35.53,--,3,10659,卖盘,2017-06-23,2017-06-23 14:37:12
14:37:18,14:37:18,35.53,--,3,10659,买盘,2017-06-23,2017-06-23 14:37:18
14:37:27,14:37:27,35.49,-0.04,20,70980,卖盘,2017-06-23,2017-06-23 14:37:27
14:37:30,14:37:30,35.53,0.04,55,195415,买盘,2017-06-23,2017-06-23 14:37:30
14:37:33,14:37:33,35.5,-0.03,10,35500,卖盘,2017-06-23,2017-06-23 14:37:33
14:37:39,14:37:39,35.5,--,3,10650,卖盘,2017-06-23,2017-06-23 14:37:39
14:37:45,14:37:45,35.53,0.03,26,92378,买盘,2017-06-23,2017-06-23 14:37:45
14:37:51,14:37:51,35.5,-0.03,12,42600,卖盘,2017-06-23,2017-06-23 14:37:51
14:38:00,14:38:00,35.5,--,26,92300,买盘,2017-06-23,2017-06-23 14:38:00
14:38:06,14:38:06,35.49,-0.01,9,31941,卖盘,2017-06-23,2017-06-23 14:38:06
14:38:18,14:38:18,35.49,--,8,28392,卖盘,2017-06-23,2017-06-23 14:38:18
14:38:30,14:38:30,35.51,0.02,31,110081,买盘,2017-06-23,2017-06-23 14:38:30
14:38:39,14:38:39,35.5,-0.01,3,10650,中性盘,2017-06-23,2017-06-23 14:38:39
14:38:57,14:38:57,35.49,-0.01,5,17745,卖盘,2017-06-23,2017-06-23 14:38:57
14:39:00,14:39:00,35.51,0.02,30,106530,买盘,2017-06-23,2017-06-23 14:39:00
14:39:09,14:39:09,35.5,-0.01,1,3550,中性盘,2017-06-23,2017-06-23 14:39:09
14:39:12,14:39:12,35.5,--,1,3550,买盘,2017-06-23,2017-06-23 14:39:12
14:39:18,14:39:18,35.49,-0.01,0,1419,卖盘,2017-06-23,2017-06-23 14:39:18
14:39:24,14:39:24,35.49,--,11,39180,卖盘,2017-06-23,2017-06-23 14:39:24
14:39:30,14:39:30,35.5,0.01,12,42600,买盘,2017-06-23,2017-06-23 14:39:30
14:39:39,14:39:39,35.5,--,1,3550,卖盘,2017-06-23,2017-06-23 14:39:39
14:39:51,14:39:51,35.5,--,10,35500,卖盘,2017-06-23,2017-06-23 14:39:51
14:40:00,14:40:00,35.51,0.01,31,110081,买盘,2017-06-23,2017-06-23 14:40:00
14:40:21,14:40:21,35.51,--,1,3551,买盘,2017-06-23,2017-06-23 14:40:21
14:40:24,14:40:24,35.53,0.02,42,149226,买盘,2017-06-23,2017-06-23 14:40:24
14:40:27,14:40:27,35.53,--,10,35530,卖盘,2017-06-23,2017-06-23 14:40:27
14:40:39,14:40:39,35.55,0.02,5,17775,买盘,2017-06-23,2017-06-23 14:40:39
14:40:48,14:40:48,35.55,--,2,7109,买盘,2017-06-23,2017-06-23 14:40:48
14:40:54,14:40:54,35.55,--,1,3554,买盘,2017-06-23,2017-06-23 14:40:54
14:41:03,14:41:03,35.58,0.03,1,3558,买盘,2017-06-23,2017-06-23 14:41:03
14:41:06,14:41:06,35.58,--,8,28464,买盘,2017-06-23,2017-06-23 14:41:06
14:41:12,14:41:12,35.58,--,1,3558,卖盘,2017-06-23,2017-06-23 14:41:12
14:41:15,14:41:15,35.59,0.01,2,7118,买盘,2017-06-23,2017-06-23 14:41:15
14:41:21,14:41:21,35.59,--,28,99652,买盘,2017-06-23,2017-06-23 14:41:21
14:41:30,14:41:30,35.59,--,30,106770,买盘,2017-06-23,2017-06-23 14:41:30
14:41:33,14:41:33,35.6,0.01,79,281240,买盘,2017-06-23,2017-06-23 14:41:33
14:41:36,14:41:36,35.59,-0.01,43,153037,卖盘,2017-06-23,2017-06-23 14:41:36
14:41:39,14:41:39,35.59,--,5,17795,卖盘,2017-06-23,2017-06-23 14:41:39
14:41:42,14:41:42,35.65,0.06,44,156860,买盘,2017-06-23,2017-06-23 14:41:42
14:41:45,14:41:45,35.6,-0.05,1,3560,中性盘,2017-06-23,2017-06-23 14:41:45
14:41:51,14:41:51,35.65,0.05,41,146165,买盘,2017-06-23,2017-06-23 14:41:51
14:42:00,14:42:00,35.66,0.01,13,46357,买盘,2017-06-23,2017-06-23 14:42:00
14:42:12,14:42:12,35.66,--,5,17830,卖盘,2017-06-23,2017-06-23 14:42:12
14:42:15,14:42:15,35.66,--,20,71320,卖盘,2017-06-23,2017-06-23 14:42:15
14:42:24,14:42:24,35.66,--,11,39225,卖盘,2017-06-23,2017-06-23 14:42:24
14:42:27,14:42:27,35.66,--,55,196129,中性盘,2017-06-23,2017-06-23 14:42:27
14:42:30,14:42:30,35.67,0.01,1,3567,卖盘,2017-06-23,2017-06-23 14:42:30
14:42:39,14:42:39,35.67,--,10,35670,卖盘,2017-06-23,2017-06-23 14:42:39
14:42:42,14:42:42,35.7,0.03,48,171360,买盘,2017-06-23,2017-06-23 14:42:42
14:42:48,14:42:48,35.67,-0.03,10,35670,卖盘,2017-06-23,2017-06-23 14:42:48
14:42:51,14:42:51,35.69,0.02,11,39259,买盘,2017-06-23,2017-06-23 14:42:51
14:42:54,14:42:54,35.69,--,2,7138,买盘,2017-06-23,2017-06-23 14:42:54
14:43:00,14:43:00,35.68,-0.01,1,3568,中性盘,2017-06-23,2017-06-23 14:43:00
14:43:03,14:43:03,35.7,0.02,3,10710,买盘,2017-06-23,2017-06-23 14:43:03
14:43:12,14:43:12,35.7,--,1,3570,买盘,2017-06-23,2017-06-23 14:43:12
14:43:15,14:43:15,35.69,-0.01,5,17845,卖盘,2017-06-23,2017-06-23 14:43:15
14:43:18,14:43:18,35.69,--,5,17845,卖盘,2017-06-23,2017-06-23 14:43:18
14:43:27,14:43:27,35.69,--,45,160605,卖盘,2017-06-23,2017-06-23 14:43:27
14:43:30,14:43:30,35.7,0.01,30,107100,买盘,2017-06-23,2017-06-23 14:43:30
14:43:36,14:43:36,35.7,--,84,299880,买盘,2017-06-23,2017-06-23 14:43:36
14:43:39,14:43:39,35.7,--,3,10710,卖盘,2017-06-23,2017-06-23 14:43:39
14:43:45,14:43:45,35.69,-0.01,20,71380,卖盘,2017-06-23,2017-06-23 14:43:45
14:43:48,14:43:48,35.69,--,17,60672,卖盘,2017-06-23,2017-06-23 14:43:48
14:43:57,14:43:57,35.73,0.04,31,110762,买盘,2017-06-23,2017-06-23 14:43:57
14:44:00,14:44:00,35.73,--,110,393029,卖盘,2017-06-23,2017-06-23 14:44:00
14:44:03,14:44:03,35.73,--,1,3572,卖盘,2017-06-23,2017-06-23 14:44:03
14:44:06,14:44:06,35.73,--,7,25010,卖盘,2017-06-23,2017-06-23 14:44:06
14:44:09,14:44:09,35.75,0.02,73,260975,买盘,2017-06-23,2017-06-23 14:44:09
14:44:12,14:44:12,35.75,--,2,7150,卖盘,2017-06-23,2017-06-23 14:44:12
14:44:18,14:44:18,35.78,0.03,20,71560,买盘,2017-06-23,2017-06-23 14:44:18
14:44:21,14:44:21,35.77,-0.01,1,3577,卖盘,2017-06-23,2017-06-23 14:44:21
14:44:30,14:44:30,35.78,0.01,61,218258,买盘,2017-06-23,2017-06-23 14:44:30
14:44:33,14:44:33,35.78,--,11,39358,卖盘,2017-06-23,2017-06-23 14:44:33
14:44:36,14:44:36,35.8,0.02,451,1614579,买盘,2017-06-23,2017-06-23 14:44:36
14:44:39,14:44:39,35.8,--,50,179000,卖盘,2017-06-23,2017-06-23 14:44:39
14:44:42,14:44:42,35.8,--,3,10740,卖盘,2017-06-23,2017-06-23 14:44:42
14:44:48,14:44:48,35.8,--,10,35800,卖盘,2017-06-23,2017-06-23 14:44:48
14:44:51,14:44:51,35.81,0.01,4,14324,买盘,2017-06-23,2017-06-23 14:44:51
14:44:57,14:44:57,35.8,-0.01,1,3579,卖盘,2017-06-23,2017-06-23 14:44:57
14:45:00,14:45:00,35.81,0.01,30,107430,买盘,2017-06-23,2017-06-23 14:45:00
14:45:12,14:45:12,35.78,-0.03,2,7156,卖盘,2017-06-23,2017-06-23 14:45:12
14:45:15,14:45:15,35.78,--,2,7156,买盘,2017-06-23,2017-06-23 14:45:15
14:45:24,14:45:24,35.77,-0.01,2,7154,卖盘,2017-06-23,2017-06-23 14:45:24
14:45:27,14:45:27,35.75,-0.02,6,21450,卖盘,2017-06-23,2017-06-23 14:45:27
14:45:30,14:45:30,35.69,-0.06,146,521073,卖盘,2017-06-23,2017-06-23 14:45:30
14:45:33,14:45:33,35.69,--,3,10707,买盘,2017-06-23,2017-06-23 14:45:33
14:45:36,14:45:36,35.61,-0.08,2,7122,卖盘,2017-06-23,2017-06-23 14:45:36
14:45:42,14:45:42,35.61,--,103,366783,卖盘,2017-06-23,2017-06-23 14:45:42
14:45:48,14:45:48,35.61,--,11,39171,买盘,2017-06-23,2017-06-23 14:45:48
14:45:51,14:45:51,35.55,-0.06,100,355500,卖盘,2017-06-23,2017-06-23 14:45:51
14:45:54,14:45:54,35.51,-0.04,84,298284,卖盘,2017-06-23,2017-06-23 14:45:54
14:45:57,14:45:57,35.51,--,152,539752,卖盘,2017-06-23,2017-06-23 14:45:57
14:46:00,14:46:00,35.6,0.09,31,110360,买盘,2017-06-23,2017-06-23 14:46:00
14:46:06,14:46:06,35.6,--,41,145960,买盘,2017-06-23,2017-06-23 14:46:06
14:46:15,14:46:15,35.61,0.01,41,146001,买盘,2017-06-23,2017-06-23 14:46:15
14:46:21,14:46:21,35.61,--,13,46293,买盘,2017-06-23,2017-06-23 14:46:21
14:46:30,14:46:30,35.68,0.07,8,28544,买盘,2017-06-23,2017-06-23 14:46:30
14:46:36,14:46:36,35.68,--,3,10704,卖盘,2017-06-23,2017-06-23 14:46:36
14:46:39,14:46:39,35.68,--,18,64224,卖盘,2017-06-23,2017-06-23 14:46:39
14:46:42,14:46:42,35.68,--,11,39248,买盘,2017-06-23,2017-06-23 14:46:42
14:46:57,14:46:57,35.61,-0.07,1,3561,卖盘,2017-06-23,2017-06-23 14:46:57
14:47:00,14:47:00,35.68,0.07,29,103472,买盘,2017-06-23,2017-06-23 14:47:00
14:47:12,14:47:12,35.61,-0.07,12,42732,卖盘,2017-06-23,2017-06-23 14:47:12
14:47:18,14:47:18,35.65,0.04,41,146165,中性盘,2017-06-23,2017-06-23 14:47:18
14:47:21,14:47:21,35.65,--,1,3565,买盘,2017-06-23,2017-06-23 14:47:21
14:47:24,14:47:24,35.61,-0.04,8,28488,卖盘,2017-06-23,2017-06-23 14:47:24
14:47:30,14:47:30,35.65,0.04,13,46345,买盘,2017-06-23,2017-06-23 14:47:30
14:47:33,14:47:33,35.61,-0.04,52,185172,卖盘,2017-06-23,2017-06-23 14:47:33
14:47:48,14:47:48,35.7,0.09,65,232050,买盘,2017-06-23,2017-06-23 14:47:48
14:47:51,14:47:51,35.61,-0.09,1,3561,中性盘,2017-06-23,2017-06-23 14:47:51
14:48:24,14:48:24,35.61,--,1,3561,卖盘,2017-06-23,2017-06-23 14:48:24
14:48:48,14:48:48,35.61,--,2,7122,买盘,2017-06-23,2017-06-23 14:48:48
14:48:54,14:48:54,35.61,--,2,7122,卖盘,2017-06-23,2017-06-23 14:48:54
14:48:57,14:48:57,35.61,--,6,21366,卖盘,2017-06-23,2017-06-23 14:48:57
14:49:03,14:49:03,35.61,--,1,3561,买盘,2017-06-23,2017-06-23 14:49:03
14:49:09,14:49:09,35.67,0.06,33,117711,买盘,2017-06-23,2017-06-23 14:49:09
14:49:42,14:49:42,35.57,-0.1,1,3557,中性盘,2017-06-23,2017-06-23 14:49:42
14:49:51,14:49:51,35.67,0.1,10,35670,买盘,2017-06-23,2017-06-23 14:49:51
14:49:57,14:49:57,35.67,--,18,64206,买盘,2017-06-23,2017-06-23 14:49:57
14:50:00,14:50:00,35.67,--,3,10701,卖盘,2017-06-23,2017-06-23 14:50:00
14:50:03,14:50:03,35.67,--,3,10701,卖盘,2017-06-23,2017-06-23 14:50:03
14:50:33,14:50:33,35.66,-0.01,20,71320,买盘,2017-06-23,2017-06-23 14:50:33
14:50:36,14:50:36,35.66,--,16,57055,买盘,2017-06-23,2017-06-23 14:50:36
14:50:42,14:50:42,35.57,-0.09,80,284560,卖盘,2017-06-23,2017-06-23 14:50:42
14:51:00,14:51:00,35.68,0.11,21,74928,买盘,2017-06-23,2017-06-23 14:51:00
14:51:12,14:51:12,35.68,--,5,17840,卖盘,2017-06-23,2017-06-23 14:51:12
14:51:15,14:51:15,35.57,-0.11,34,120938,卖盘,2017-06-23,2017-06-23 14:51:15
14:51:21,14:51:21,35.69,0.12,5,17845,买盘,2017-06-23,2017-06-23 14:51:21
14:51:33,14:51:33,35.7,0.01,53,189210,买盘,2017-06-23,2017-06-23 14:51:33
14:51:36,14:51:36,35.7,--,35,127377,买盘,2017-06-23,2017-06-23 14:51:36
14:51:48,14:51:48,35.7,--,20,71400,卖盘,2017-06-23,2017-06-23 14:51:48
14:51:54,14:51:54,35.7,--,58,208202,卖盘,2017-06-23,2017-06-23 14:51:54
14:52:03,14:52:03,35.7,--,8,28560,买盘,2017-06-23,2017-06-23 14:52:03
14:52:06,14:52:06,35.7,--,8,28560,买盘,2017-06-23,2017-06-23 14:52:06
14:52:09,14:52:09,35.69,-0.01,3,10707,卖盘,2017-06-23,2017-06-23 14:52:09
14:52:15,14:52:15,35.7,0.01,10,35700,买盘,2017-06-23,2017-06-23 14:52:15
14:52:18,14:52:18,35.69,-0.01,124,442556,卖盘,2017-06-23,2017-06-23 14:52:18
14:52:21,14:52:21,35.69,--,3,10707,卖盘,2017-06-23,2017-06-23 14:52:21
14:52:30,14:52:30,35.69,--,170,606730,卖盘,2017-06-23,2017-06-23 14:52:30
14:53:00,14:53:00,35.69,--,100,356900,买盘,2017-06-23,2017-06-23 14:53:00
14:53:12,14:53:12,35.69,--,26,92794,买盘,2017-06-23,2017-06-23 14:53:12
14:53:21,14:53:21,35.59,-0.1,5,17795,卖盘,2017-06-23,2017-06-23 14:53:21
14:53:39,14:53:39,35.58,-0.01,9,32022,买盘,2017-06-23,2017-06-23 14:53:39
14:53:42,14:53:42,35.58,--,5,17790,买盘,2017-06-23,2017-06-23 14:53:42
14:53:45,14:53:45,35.58,--,26,92508,买盘,2017-06-23,2017-06-23 14:53:45
14:53:48,14:53:48,35.57,-0.01,4,14228,卖盘,2017-06-23,2017-06-23 14:53:48
14:53:54,14:53:54,35.57,--,5,17785,卖盘,2017-06-23,2017-06-23 14:53:54
14:54:00,14:54:00,35.69,0.12,500,1784500,买盘,2017-06-23,2017-06-23 14:54:00
14:54:06,14:54:06,35.58,-0.11,348,1238184,中性盘,2017-06-23,2017-06-23 14:54:06
14:54:09,14:54:09,35.71,0.13,120,430948,买盘,2017-06-23,2017-06-23 14:54:09
14:54:15,14:54:15,35.71,--,24,85704,卖盘,2017-06-23,2017-06-23 14:54:15
14:54:27,14:54:27,35.71,--,55,196405,卖盘,2017-06-23,2017-06-23 14:54:27
14:54:30,14:54:30,35.71,--,2,8284,卖盘,2017-06-23,2017-06-23 14:54:30
14:54:33,14:54:33,35.71,--,7,27425,买盘,2017-06-23,2017-06-23 14:54:33
14:54:39,14:54:39,35.72,0.01,70,250040,卖盘,2017-06-23,2017-06-23 14:54:39
14:54:48,14:54:48,35.75,0.03,303,1083225,买盘,2017-06-23,2017-06-23 14:54:48
14:54:51,14:54:51,35.72,-0.03,3,10716,卖盘,2017-06-23,2017-06-23 14:54:51
14:54:54,14:54:54,35.77,0.05,190,679630,买盘,2017-06-23,2017-06-23 14:54:54
14:54:57,14:54:57,35.77,--,83,296891,卖盘,2017-06-23,2017-06-23 14:54:57
14:55:00,14:55:00,35.78,0.01,15,53670,买盘,2017-06-23,2017-06-23 14:55:00
14:55:06,14:55:06,35.77,-0.01,59,211043,卖盘,2017-06-23,2017-06-23 14:55:06
14:55:09,14:55:09,35.82,0.05,518,1855476,买盘,2017-06-23,2017-06-23 14:55:09
14:55:12,14:55:12,35.77,-0.05,108,386316,卖盘,2017-06-23,2017-06-23 14:55:12
14:55:15,14:55:15,35.83,0.06,100,358300,买盘,2017-06-23,2017-06-23 14:55:15
14:55:18,14:55:18,35.83,--,38,136154,买盘,2017-06-23,2017-06-23 14:55:18
14:55:21,14:55:21,35.85,0.02,332,1190220,买盘,2017-06-23,2017-06-23 14:55:21
14:55:24,14:55:24,35.82,-0.03,20,71640,买盘,2017-06-23,2017-06-23 14:55:24
14:55:27,14:55:27,35.83,0.01,9,32247,卖盘,2017-06-23,2017-06-23 14:55:27
14:55:30,14:55:30,35.82,-0.01,4,14328,卖盘,2017-06-23,2017-06-23 14:55:30
14:55:36,14:55:36,35.88,0.06,400,1435200,买盘,2017-06-23,2017-06-23 14:55:36
14:55:39,14:55:39,35.88,--,384,1377792,买盘,2017-06-23,2017-06-23 14:55:39
14:55:42,14:55:42,35.9,0.02,30,107700,中性盘,2017-06-23,2017-06-23 14:55:42
14:55:45,14:55:45,35.9,--,101,362697,卖盘,2017-06-23,2017-06-23 14:55:45
14:55:48,14:55:48,35.9,--,15,53850,卖盘,2017-06-23,2017-06-23 14:55:48
14:55:54,14:55:54,35.99,0.09,5,17995,买盘,2017-06-23,2017-06-23 14:55:54
14:55:57,14:55:57,36.0,0.01,188,676800,买盘,2017-06-23,2017-06-23 14:55:57
14:56:00,14:56:00,35.91,-0.09,12,43091,卖盘,2017-06-23,2017-06-23 14:56:00
14:56:03,14:56:03,35.99,0.08,20,71980,买盘,2017-06-23,2017-06-23 14:56:03
14:56:06,14:56:06,35.99,--,12,44087,买盘,2017-06-23,2017-06-23 14:56:06
14:56:09,14:56:09,35.91,-0.08,6,21545,卖盘,2017-06-23,2017-06-23 14:56:09
14:56:12,14:56:12,35.99,0.08,280,1007720,买盘,2017-06-23,2017-06-23 14:56:12
14:56:15,14:56:15,36.0,0.01,12,43200,中性盘,2017-06-23,2017-06-23 14:56:15
14:56:18,14:56:18,36.0,--,2,7200,卖盘,2017-06-23,2017-06-23 14:56:18
14:56:21,14:56:21,35.99,-0.01,5,20226,卖盘,2017-06-23,2017-06-23 14:56:21
14:56:30,14:56:30,36.0,0.01,12,43200,中性盘,2017-06-23,2017-06-23 14:56:30
14:56:33,14:56:33,36.0,--,8,28800,买盘,2017-06-23,2017-06-23 14:56:33
14:56:36,14:56:36,35.99,-0.01,7,25193,中性盘,2017-06-23,2017-06-23 14:56:36
14:56:39,14:56:39,35.91,-0.08,12,43091,卖盘,2017-06-23,2017-06-23 14:56:39
14:56:51,14:56:51,36.0,0.09,95,342000,买盘,2017-06-23,2017-06-23 14:56:51
14:56:54,14:56:54,35.99,-0.01,18,64782,中性盘,2017-06-23,2017-06-23 14:56:54
14:56:57,14:56:57,35.99,--,40,143960,卖盘,2017-06-23,2017-06-23 14:56:57
14:57:03,14:57:03,35.99,--,0,0,卖盘,2017-06-23,2017-06-23 14:57:03
15:00:03,15:00:03,36.0,0.01,1648,5932800,买盘,2017-06-23,2017-06-23 15:00:03
